id;user_id;service_id;quantity;link;total_price;status;admin_notes;created_at;updated_at;provider_order_id;provider_status
6d24a6b8-3a8b-421a-a386-1d73143d3c10;fd90a447-b9e7-4dae-93a5-fd703284b833;8ac7de71-5db8-45ae-8328-7c538a712e2d;600;https://supabase.com/pricing;87.00;completed;;2026-01-04 10:39:52.529195+00;2026-01-04 10:40:31.645908+00;;
d456c982-1926-4935-9f90-09b91a3d14cc;336961d8-918f-40e1-a14e-b6acc67f1971;2ad71475-3464-4177-9605-7b8c168db96e;700;https://supabase.com/pricing;84.00;completed;;2026-01-04 10:20:05.187177+00;2026-01-04 10:40:34.708973+00;;
32887c00-f556-4f7e-86f6-432aa32b2d37;fd90a447-b9e7-4dae-93a5-fd703284b833;860df7d7-ab70-46bd-bd80-7661255d0b13;100;https://supabase.com/pricing;35.00;completed;;2026-01-04 11:35:40.297143+00;2026-01-04 11:36:46.328024+00;;
ec406464-d5aa-4c07-8e96-8dcb85a1886d;fd90a447-b9e7-4dae-93a5-fd703284b833;cc09ac69-9d30-4fad-9644-b87420311c42;300;https://supabase.com/pricing;30.00;completed;;2026-01-04 12:06:16.523867+00;2026-01-04 12:08:58.740054+00;;
c5f98766-1618-4acc-9f2d-4078bf417a7b;fd90a447-b9e7-4dae-93a5-fd703284b833;cc09ac69-9d30-4fad-9644-b87420311c42;1000;https://supabase.com/pricing;100.00;completed;;2026-01-04 12:09:35.489194+00;2026-01-04 13:27:42.448584+00;;
8fcc2112-4003-486a-95c0-a123c8477153;fd90a447-b9e7-4dae-93a5-fd703284b833;dea66c1e-2754-4e74-a301-568baf00e5eb;200;https://www.tiktok.com/@socialboostmz?_r=1&_t=ZM-92q768UxXya;74.00;completed;;2026-01-06 07:29:25.332015+00;2026-02-08 14:36:56.905576+00;;
c22a4b1e-e8cb-4102-94bb-2f5d3bcdd914;fd90a447-b9e7-4dae-93a5-fd703284b833;cc09ac69-9d30-4fad-9644-b87420311c42;500;https://www.facebook.com/share/1Faqg7pJom/?mibextid=wwXIfr;50.00;completed;;2026-01-04 15:17:11.567572+00;2026-02-08 14:36:59.225461+00;;
1a8581ce-904d-41c9-a982-dddc5ca3232b;fd90a447-b9e7-4dae-93a5-fd703284b833;860df7d7-ab70-46bd-bd80-7661255d0b13;1000;https://www.facebook.com/share/1CufX8FiVy/?mibextid=wwXIfr;350.00;completed;;2026-01-04 15:15:17.728009+00;2026-02-08 14:37:01.998761+00;;
0abb4337-96e0-425c-88af-0757f0c17bd5;977308ae-34f6-4c7c-95ba-e004ea484962;cc09ac69-9d30-4fad-9644-b87420311c42;1000;https://www.facebook.com/share/p/1VraSQCapU/;100.00;completed;;2026-02-10 10:37:15.604103+00;2026-02-10 10:52:30.654584+00;;
a57ecae8-a6bf-4f24-8d79-a0740f021569;bf319da2-9398-49d7-947f-1b3c33dff140;860df7d7-ab70-46bd-bd80-7661255d0b13;100;https://www.instagram.com/madlipz_services?igsh=YXRzcWF5YzA2M2Fk;35.00;cancelled;;2026-02-13 23:19:19.193529+00;2026-02-14 05:25:05.201982+00;;
0b7588a2-3b6c-46d6-9ba7-200733de0caa;33e6731f-c1a8-4f59-a758-ebbd05e6909a;8ac7de71-5db8-45ae-8328-7c538a712e2d;100;https://www.instagram.com/mocambique_alem_do_mapa?igsh=MXBpY3phOHBzYnl3dQ%3D%3D&utm_source=qr;14.50;cancelled;;2026-02-14 07:22:03.341178+00;2026-02-14 07:49:34.190552+00;;
43c11d38-07f0-4cf5-92df-11495668af18;0e60e640-872e-45f8-9ef2-48624136a3ad;860df7d7-ab70-46bd-bd80-7661255d0b13;100;https://www.facebook.com/profile.php?id=61572443882430;35.00;completed;;2026-02-15 09:00:01.904913+00;2026-02-15 09:31:07.116644+00;;
4150e7e7-20e6-40b4-a33a-3d4fe670bf19;33e6731f-c1a8-4f59-a758-ebbd05e6909a;cf5c2458-d036-464b-89a7-277dd209191c;100;https://www.instagram.com/mocambique_alem_do_mapa?igsh=MXBpY3phOHBzYnl3dQ%3D%3D&utm_source=qr;17.00;completed;;2026-02-14 07:22:59.946557+00;2026-02-14 13:59:13.195452+00;;
a7798e0c-1d20-42f2-b671-9af332ff25cd;5746d21a-2529-4db1-835c-bcf8059295b5;860df7d7-ab70-46bd-bd80-7661255d0b13;300;https://www.facebook.com/share/1EctfJxUnT/;105.00;completed;;2026-02-15 08:00:16.270675+00;2026-02-15 09:31:10.285936+00;;
d27ae243-2724-4d8c-84b7-0d099896315d;e5da6415-fb68-4267-b3aa-0bd54f2e0d77;cc09ac69-9d30-4fad-9644-b87420311c42;300;https://www.facebook.com/61582891567752/posts/pfbid02NTwkkam28yMy9xDgoAFkqUFVBBunfP8AhbBPRWrwznyEqLMeUuYkZw8mENq9h3ysl/?app=fbl;30.00;completed;;2026-02-14 18:51:16.773331+00;2026-02-14 21:21:18.027267+00;;
15e715eb-0182-439c-ad4b-370f43cf39ad;2d9b0c37-3f0e-4eb9-bb26-7af9018f22d0;2ad71475-3464-4177-9605-7b8c168db96e;100;https://www.facebook.com/profile.php?id=61562638150125;12.00;cancelled;;2026-02-14 22:00:46.455909+00;2026-02-14 22:19:59.220877+00;;
a231e86d-c785-4697-8d60-b4cbca90bd2f;2d9b0c37-3f0e-4eb9-bb26-7af9018f22d0;cc09ac69-9d30-4fad-9644-b87420311c42;100;https://www.facebook.com/profile.php?id=61562638150125;10.00;cancelled;;2026-02-14 22:00:25.483921+00;2026-02-14 22:20:03.782601+00;;
2d84123d-9ff3-4a1e-a9b6-c1321e0e5382;2d9b0c37-3f0e-4eb9-bb26-7af9018f22d0;2ad71475-3464-4177-9605-7b8c168db96e;100;https://www.facebook.com/profile.php?id=61562638150125;12.00;cancelled;;2026-02-14 21:58:16.711298+00;2026-02-14 22:20:07.132807+00;;
0f000c63-b1b9-4bfe-8fdf-86d43c9d5443;a973f5a6-e46b-4967-bfe9-521530e7c368;860df7d7-ab70-46bd-bd80-7661255d0b13;100;https://www.facebook.com/cumbaneservicoslda;35.00;completed;;2026-02-15 07:51:45.367478+00;2026-02-15 09:32:53.593772+00;;
1c57608c-e9ef-416f-9ee9-ab32bde23555;5746d21a-2529-4db1-835c-bcf8059295b5;2ad71475-3464-4177-9605-7b8c168db96e;1000;https://www.facebook.com/share/1EctfJxUnT/;120.00;cancelled;;2026-02-15 06:58:02.691679+00;2026-02-15 07:23:46.862194+00;;
8f5b663a-dc82-47b6-8388-729b3ef65c4f;a94425bf-8d0e-4c21-b80e-63903b91ba98;cc09ac69-9d30-4fad-9644-b87420311c42;100;https://www.facebook.com/61581504938063/posts/122127503601050164/?mibextid=rS40aB7S9Ucbxw6v;10.00;completed;;2026-02-15 09:10:13.102847+00;2026-02-15 09:31:04.728544+00;;
b511c068-26e9-4de9-a515-02c6f67e5812;a94425bf-8d0e-4c21-b80e-63903b91ba98;cc09ac69-9d30-4fad-9644-b87420311c42;100;https://www.facebook.com/61581504938063/posts/122127503601050164/?mibextid=rS40aB7S9Ucbxw6v;10.00;completed;;2026-02-15 09:44:01.772168+00;2026-02-15 11:17:22.915969+00;;
34229be0-1485-465c-bf95-5cab672f8645;c09f69bf-dd4f-4d62-b464-63f357b47882;2ad71475-3464-4177-9605-7b8c168db96e;100;https://www.facebook.com/share/p/1GeX9mMZhy/;12.00;completed;;2026-02-15 11:50:51.242814+00;2026-02-15 12:33:44.564247+00;;
1bf18dfb-93f3-42eb-a95d-31a950a48394;55c2b2d9-64d8-4a7d-9dd4-e0d1c85b5460;cc09ac69-9d30-4fad-9644-b87420311c42;100;https://www.facebook.com/61581928932011/posts/122122966023064297/?substory_index=908225171940283&app=fbl;10.00;completed;;2026-02-15 09:57:11.089428+00;2026-02-15 12:17:36.186115+00;;
2fbc5ede-0842-4723-b384-64dcf4e8f177;a94425bf-8d0e-4c21-b80e-63903b91ba98;cc09ac69-9d30-4fad-9644-b87420311c42;100;https://www.facebook.com/61581504938063/posts/122127503601050164/?mibextid=rS40aB7S9Ucbxw6v;10.00;completed;;2026-02-15 09:43:38.288226+00;2026-02-15 12:17:39.282629+00;;
beadc60f-56e7-4834-8e07-d56ee4f7166e;f5cf6059-3db7-4ba8-bb33-b1eb258ca375;860df7d7-ab70-46bd-bd80-7661255d0b13;100;https://www.facebook.com/cumbaneservicoslda;35.00;completed;;2026-02-15 10:10:43.91037+00;2026-02-15 12:17:29.510382+00;;
c1ae25dc-0ee1-4b21-8291-9cdb0a6e2640;55c2b2d9-64d8-4a7d-9dd4-e0d1c85b5460;cc09ac69-9d30-4fad-9644-b87420311c42;100;https://www.facebook.com/61581928932011/posts/122122966023064297/?substory_index=908225171940283&app=fbl;10.00;completed;;2026-02-15 10:02:07.386366+00;2026-02-15 12:17:32.589934+00;;
20508189-efbb-4808-87da-5f546a7857a6;cd46dc7c-ee11-4748-8763-4ab560e83441;860df7d7-ab70-46bd-bd80-7661255d0b13;100;https://www.facebook.com/share/1Ca8TUCMDy/;35.00;cancelled;;2026-02-15 11:07:04.222299+00;2026-02-15 11:25:51.435231+00;;
22fac47b-e5ed-4a9f-a937-480093f263e8;55c2b2d9-64d8-4a7d-9dd4-e0d1c85b5460;cc09ac69-9d30-4fad-9644-b87420311c42;100;https://www.facebook.com/61581928932011/posts/122122966023064297/?substory_index=908225171940283&app=fbl;10.00;completed;;2026-02-15 10:00:59.635749+00;2026-02-15 12:17:34.523695+00;;
4a673421-26db-444c-9dc5-49e0787f880a;51d864f8-a92e-47e7-bd82-901020f6760e;860df7d7-ab70-46bd-bd80-7661255d0b13;100;https://www.facebook.com/share/1D1unZGi9B/;35.00;completed;;2026-02-15 12:49:54.123613+00;2026-02-15 13:01:30.571243+00;;
5372343f-3cb1-4203-bea8-2d64ce3827ac;c5f086d2-8cc7-4d56-a1ac-3e812f62593e;cc09ac69-9d30-4fad-9644-b87420311c42;100;https://www.facebook.com/share/p/1BxtnNwnaY/;10.00;completed;;2026-02-15 11:19:05.828966+00;2026-02-15 12:17:19.770457+00;;
8c19dcec-4bd4-4f65-9151-bf486817e0fe;f395d28e-1161-4df7-81a5-eda3e2502f63;860df7d7-ab70-46bd-bd80-7661255d0b13;100;https://www.facebook.com/share/1Ca8TUCMDy/;35.00;completed;;2026-02-15 11:05:30.412427+00;2026-02-15 12:17:22.081409+00;;
eab994a9-50f4-4b4c-a367-851ed468bf02;c09f69bf-dd4f-4d62-b464-63f357b47882;cc09ac69-9d30-4fad-9644-b87420311c42;100;https://www.facebook.com/francisco.franco59.btchi;10.00;completed;;2026-02-15 10:14:14.215721+00;2026-02-15 12:17:24.61359+00;;
27dd6631-5296-467a-ac3f-5ee75d7c837e;9b3a894f-3425-4342-8b68-35608162b56b;860df7d7-ab70-46bd-bd80-7661255d0b13;100;https://www.facebook.com/share/1FEc2DLM6X/;35.00;completed;;2026-02-15 10:12:44.933642+00;2026-02-15 12:17:26.635643+00;;
7f2d3038-3de7-4643-890d-f5abedcbf547;be041823-cebe-47e6-9018-da8cd066ac52;cc09ac69-9d30-4fad-9644-b87420311c42;300;https://www.facebook.com/photo.php?fbid=122119139517096385&set=a.122098263285096385&type=3&app=fbl;30.00;cancelled;;2026-02-15 12:08:53.26367+00;2026-02-15 12:22:34.057262+00;;
703ead0c-4aba-4e35-8a60-6cfcee5b4ba2;c09f69bf-dd4f-4d62-b464-63f357b47882;cc09ac69-9d30-4fad-9644-b87420311c42;100;https://www.facebook.com/share/p/1CDgxv5BeN/;10.00;completed;;2026-02-15 12:36:18.334558+00;2026-02-15 12:56:22.552278+00;;
0c79f168-792d-44cf-bfd3-8203af6a73b4;be0d55ed-591a-4367-bcbb-6ae329a28985;8ac7de71-5db8-45ae-8328-7c538a712e2d;100;https://www.instagram.com/p/DUxp4SgjPay/?utm_source=ig_web_copy_link&igsh=MzRlODBiNWFlZA==;14.50;completed;;2026-02-15 11:58:09.313718+00;2026-02-15 12:33:37.006838+00;;
a6d7fe21-02cb-401b-b5af-2d2ea2e95f9e;be0d55ed-591a-4367-bcbb-6ae329a28985;539fb05c-dd60-4d64-b0f7-614dbcef498d;100;https://www.instagram.com/p/DUxp4SgjPay/?utm_source=ig_web_copy_link&igsh=MzRlODBiNWFlZA==;20.00;completed;;2026-02-15 11:57:34.107839+00;2026-02-15 12:33:38.897372+00;;
15f2dd75-9c63-4ef3-9085-c6dc87b600e4;263a9fd8-9a91-4749-82e7-60d74f187b91;cc09ac69-9d30-4fad-9644-b87420311c42;100;https://www.facebook.com/share/v/17TYcaWPv2/;10.00;completed;;2026-02-15 12:24:42.515973+00;2026-02-15 12:56:15.762044+00;;
204ecd6c-9513-46e3-ac1d-7927800feef9;f8098c85-3664-4f47-8d60-123f03daef85;2ad71475-3464-4177-9605-7b8c168db96e;100;https://www.facebook.com/share/p/1FCyCwPgbj/;12.00;completed;;2026-02-15 12:48:33.830166+00;2026-02-15 13:01:32.547954+00;;
8d5b8df9-9f54-48d8-94bd-0606726f1eb9;08429734-afe5-450d-b47a-a91a0b7549e3;cc09ac69-9d30-4fad-9644-b87420311c42;300;https://www.facebook.com/photo.php?fbid=122119139517096385&set=a.122098263285096385&type=3&app=fbl;30.00;completed;;2026-02-15 12:07:26.619738+00;2026-02-15 12:57:08.674012+00;;
4d593194-76bb-4407-8630-0c34ee39ce1a;f8098c85-3664-4f47-8d60-123f03daef85;2ad71475-3464-4177-9605-7b8c168db96e;100;https://www.facebook.com/share/p/1FCyCwPgbj/;12.00;cancelled;;2026-02-15 13:05:49.610757+00;2026-02-15 13:09:21.385791+00;;
192719b8-6c5b-482b-b6eb-3d42de1ca377;cd46dc7c-ee11-4748-8763-4ab560e83441;860df7d7-ab70-46bd-bd80-7661255d0b13;100;https://www.facebook.com/profile.php?id=61578060046554;35.00;completed;;2026-02-15 13:12:42.348554+00;2026-02-15 13:20:33.161117+00;;
5583bfe6-25dd-4184-8b52-07baac906729;f8098c85-3664-4f47-8d60-123f03daef85;cc09ac69-9d30-4fad-9644-b87420311c42;100;https://www.facebook.com/share/p/1AZtuNCJzt/;10.00;cancelled;;2026-02-15 13:26:49.627591+00;2026-02-15 13:36:04.678352+00;;
471b5978-d4dd-4677-b0df-81687e03fbde;825ea7a9-f40f-4c1b-a340-ea91f76899c8;cc09ac69-9d30-4fad-9644-b87420311c42;300;https://www.facebook.com/share/p/1HNLmyNsUg/;30.00;completed;;2026-02-15 13:12:25.510241+00;2026-02-15 14:02:10.436821+00;;
9101898e-7f34-4440-9fe3-07d15c5fa89a;f8098c85-3664-4f47-8d60-123f03daef85;cc09ac69-9d30-4fad-9644-b87420311c42;100;https://www.facebook.com/share/p/1aqkh9S9mx/;10.00;cancelled;;2026-02-15 13:56:50.722692+00;2026-02-15 14:13:15.00861+00;;
cb362f3f-7411-429f-a0ee-6a930074dc25;f8098c85-3664-4f47-8d60-123f03daef85;cc09ac69-9d30-4fad-9644-b87420311c42;100;https://www.facebook.com/share/16yVrA7f8d/;10.00;cancelled;;2026-02-15 13:39:13.754256+00;2026-02-15 14:13:18.750934+00;;
467c1a88-a7ee-4e3f-9025-fc420826c62e;56841124-5345-48c1-b668-5baa18a019b0;cc09ac69-9d30-4fad-9644-b87420311c42;100;https://www.facebook.com/share/r/1CHoAcSdpi/;10.00;cancelled;;2026-02-15 18:29:30.176913+00;2026-02-15 18:33:47.911991+00;;
9ffe4b1f-904c-426b-8a27-bd0eba2f44cf;be041823-cebe-47e6-9018-da8cd066ac52;cc09ac69-9d30-4fad-9644-b87420311c42;300;https://www.facebook.com/61582891567752/posts/122120472531096385/?app=fbl;30.00;cancelled;;2026-02-15 14:29:47.208561+00;2026-02-15 14:33:59.964149+00;;
5e38b9a7-bf15-4b9c-a96e-fac1e66f6e62;f4e6a9b0-6dc8-4dab-af16-25d182f0e6b5;cc09ac69-9d30-4fad-9644-b87420311c42;300;https://www.facebook.com/photo.php?fbid=122119139517096385&set=a.122098263285096385&type=3&app=fbl;30.00;cancelled;;2026-02-15 14:33:04.859269+00;2026-02-15 14:34:03.72388+00;;
31f37be7-c082-466b-b398-1a9ea833d3ce;f4e6a9b0-6dc8-4dab-af16-25d182f0e6b5;cc09ac69-9d30-4fad-9644-b87420311c42;300;https://www.facebook.com/photo.php?fbid=122119139517096385&set=a.122098263285096385&type=3&app=fbl;30.00;cancelled;;2026-02-15 14:36:56.399921+00;2026-02-15 14:54:48.147862+00;;
e4129273-2bdd-4072-83b9-08f85e87826f;be041823-cebe-47e6-9018-da8cd066ac52;cc09ac69-9d30-4fad-9644-b87420311c42;300;https://www.facebook.com/61582891567752/posts/122120472531096385/?app=fbl;30.00;cancelled;;2026-02-15 14:38:19.994943+00;2026-02-15 14:54:50.733462+00;;
21eaec44-9d04-49eb-9730-53353ce13f0c;6ae24fc9-7183-4fee-9542-8e8bde7301f1;cc09ac69-9d30-4fad-9644-b87420311c42;300;https://www.facebook.com/photo.php?fbid=122119139517096385&set=a.122098263285096385&type=3&app=fbl;30.00;cancelled;;2026-02-15 14:45:46.234383+00;2026-02-15 14:54:54.073549+00;;
0a10e20f-71e8-4c6a-98c4-4560f2540dee;6ae24fc9-7183-4fee-9542-8e8bde7301f1;cc09ac69-9d30-4fad-9644-b87420311c42;300;https://www.facebook.com/photo.php?fbid=122119139517096385&set=a.122098263285096385&type=3&app=fbl;30.00;cancelled;;2026-02-15 14:58:58.228902+00;2026-02-15 14:59:53.431183+00;;
5819d8a0-110f-41ae-bc17-7b23b6ed24b9;cdcc666b-9e82-40fc-8860-f3bdecfa59d1;cc09ac69-9d30-4fad-9644-b87420311c42;100;https://www.facebook.com/share/r/1FzJZRSxKZ/;10.00;cancelled;;2026-02-15 14:10:32.004443+00;2026-02-15 15:00:28.596577+00;;
0b16166c-2cf9-4d3b-b235-75ecda456681;fd90a447-b9e7-4dae-93a5-fd703284b833;cc09ac69-9d30-4fad-9644-b87420311c42;1000;https://www.facebook.com/photo.php?fbid=122093029047209453&set=a.122093028177209453&type=3;100.00;completed;;2026-02-15 17:39:27.152657+00;2026-02-15 17:44:39.017854+00;;
02dab565-a30c-499c-ac9a-45a4763c8226;50c44a24-b456-47e4-9a8b-765a7cf00789;8ac7de71-5db8-45ae-8328-7c538a712e2d;100;https://vm.tiktok.com/ZS9Jndaj25qvc-zQIuj/ Esta publicação é compartilhada via TikTok Lite. Baixe o TikTok Lite para curtir mais publicações: https://www.tiktok.com/tiktoklite;14.50;cancelled;;2026-02-15 17:47:22.43467+00;2026-02-15 17:54:16.943318+00;;
de889750-8134-4e4e-9fef-b703e61b0a54;56841124-5345-48c1-b668-5baa18a019b0;cc09ac69-9d30-4fad-9644-b87420311c42;100;https://www.facebook.com/share/p/1AuggiBKPg/;10.00;completed;;2026-02-15 18:00:21.234609+00;2026-02-15 18:12:04.543606+00;;
a095fe20-b5a2-4b67-b1e3-8ba6bc752ca8;55c2b2d9-64d8-4a7d-9dd4-e0d1c85b5460;cc09ac69-9d30-4fad-9644-b87420311c42;100;https://www.facebook.com/61569461848444/posts/122157539324648728/?substory_index=910005104893921&app=fbl;10.00;completed;;2026-02-15 18:05:05.456014+00;2026-02-15 18:15:54.257441+00;;
06bc1dfc-bb97-4116-b303-bec5338a79f0;c2376194-0e37-4f0a-84ee-fac0597bddad;cc09ac69-9d30-4fad-9644-b87420311c42;300;https://fb.watch/FhQnOjkSPS/;30.00;completed;;2026-02-15 19:01:47.583556+00;2026-02-15 19:55:40.50089+00;;
0f5365c1-9904-4054-9878-13dceacee138;93c747a8-6efb-482d-813a-a2f9d37d2ee4;cc09ac69-9d30-4fad-9644-b87420311c42;300;https://www.facebook.com/share/1DkgCGXgXB/;30.00;cancelled;;2026-02-16 07:15:50.682321+00;2026-02-16 07:16:31.485651+00;;
b6d23b39-fc04-42b7-a323-1327397da861;2d9b0c37-3f0e-4eb9-bb26-7af9018f22d0;2ad71475-3464-4177-9605-7b8c168db96e;100;https://www.facebook.com/profile.php?id=61562638150125;12.00;cancelled;;2026-02-15 19:47:04.256402+00;2026-02-15 19:57:20.559671+00;;
f25dbe16-7f76-4647-b417-3c668ff703fc;55c2b2d9-64d8-4a7d-9dd4-e0d1c85b5460;cc09ac69-9d30-4fad-9644-b87420311c42;100;https://www.facebook.com/61569461848444/posts/122157539324648728/?substory_index=910005104893921&app=fbl;10.00;completed;;2026-02-15 18:21:58.667422+00;2026-02-15 18:40:57.890774+00;;
a885c073-b35a-4889-9d90-ac7db94df0ae;55d1dc00-efb4-4f50-823a-7c3bb4a7629a;860df7d7-ab70-46bd-bd80-7661255d0b13;100;https://www.facebook.com/salomao.calton;35.00;completed;;2026-02-15 18:38:49.44295+00;2026-02-15 18:44:49.923057+00;;
c6a10b8f-7664-478e-ac50-29bcd4bad5a0;55c2b2d9-64d8-4a7d-9dd4-e0d1c85b5460;cc09ac69-9d30-4fad-9644-b87420311c42;100;https://www.facebook.com/61555829046789/posts/122275932962194301/?substory_index=1898989270695132&app=fbl;10.00;completed;;2026-02-15 18:38:26.584776+00;2026-02-15 18:45:13.751355+00;;
f931acc3-cf5f-49ad-b214-47013d5f7e88;55c2b2d9-64d8-4a7d-9dd4-e0d1c85b5460;cc09ac69-9d30-4fad-9644-b87420311c42;200;https://www.facebook.com/61581928932011/posts/122122966023064297/?substory_index=908225171940283&app=fbl;20.00;completed;;2026-02-15 18:39:32.695536+00;2026-02-15 19:13:31.463711+00;;
74da0dae-39b3-4cac-acdf-a7a6d2611b75;2d9b0c37-3f0e-4eb9-bb26-7af9018f22d0;cc09ac69-9d30-4fad-9644-b87420311c42;100;https://www.facebook.com/profile.php?id=61562638150125;10.00;cancelled;;2026-02-15 19:47:23.986484+00;2026-02-15 19:57:24.43173+00;;
8aab933f-e3e5-4fcb-95cc-e73e1a035c50;2d9b0c37-3f0e-4eb9-bb26-7af9018f22d0;cc09ac69-9d30-4fad-9644-b87420311c42;100;https://www.facebook.com/profile.php?id=61562638150125;10.00;cancelled;;2026-02-15 19:46:42.101126+00;2026-02-15 19:57:28.976443+00;;
a2143e5c-b7f9-465f-9bc5-bb58abbedc80;7999820b-4905-4b42-9575-64d34b8a76f6;860df7d7-ab70-46bd-bd80-7661255d0b13;100;https://www.facebook.com/share/1E4eoGCDi4/;35.00;completed;;2026-02-15 18:53:31.159366+00;2026-02-15 19:23:59.648366+00;;
6f775ad2-01b5-4cba-bf79-eca3b5af2474;1d26c319-cf7f-4637-9077-5278ffa34d18;860df7d7-ab70-46bd-bd80-7661255d0b13;100;https://www.facebook.com/share/p/1CQD5TvZTB/;35.00;completed;;2026-02-15 18:47:56.16674+00;2026-02-15 19:24:02.108235+00;;
5d335b19-4c79-46b1-8772-15c7ff9f92f7;3b5f72d8-181c-4c5c-ba73-c0821770b32a;2ff26470-af2d-42ca-a6a8-7f18d7cc344c;100;https://youtu.be/cHtz8G9gpYA?si=m87az_Vf-GrEF1sW;25.00;cancelled;;2026-02-15 23:15:29.24105+00;2026-02-16 05:37:56.205181+00;;
b0922d8a-21a1-46f5-8951-f296a89a3538;43856618-1080-47a3-ba07-03f75fbe8c1b;cc09ac69-9d30-4fad-9644-b87420311c42;100;https://www.facebook.com/reel/1977625659487607/?app=fbl;10.00;completed;;2026-02-15 20:02:25.639826+00;2026-02-15 20:24:07.144793+00;;
69191e80-8ccb-4e50-8f3c-fa0c6a953ae3;43856618-1080-47a3-ba07-03f75fbe8c1b;cc09ac69-9d30-4fad-9644-b87420311c42;100;https://www.facebook.com/reel/1977625659487607/?app=fbl;10.00;completed;;2026-02-15 21:11:43.161314+00;2026-02-16 05:45:47.348692+00;;
bd67cd84-8bf7-411b-af04-034c161e8f46;43856618-1080-47a3-ba07-03f75fbe8c1b;cc09ac69-9d30-4fad-9644-b87420311c42;100;https://www.facebook.com/reel/1977625659487607/?app=fbl;10.00;completed;;2026-02-15 20:50:01.159856+00;2026-02-15 20:57:26.354054+00;;
91be7715-de36-427a-b6bf-1f230c4bdb90;87bb10f2-33c0-4a58-beac-08b18880f668;2ad71475-3464-4177-9605-7b8c168db96e;200;https://www.facebook.com/share/1DkgCGXgXB/;24.00;cancelled;;2026-02-16 07:21:09.942822+00;2026-02-16 07:21:53.083843+00;;
d520dd2f-3967-4543-818a-71682474e0b7;4308347f-a1af-4a74-b022-7ee5647ab5c0;cc09ac69-9d30-4fad-9644-b87420311c42;300;https://www.facebook.com/share/1DkgCGXgXB/;30.00;completed;;2026-02-16 06:52:46.156509+00;2026-02-16 07:02:55.675344+00;;
ae88c3b2-4efa-4d99-baa9-085634fb8e24;bb09a267-89f6-4ae1-a41c-ac79f1e27100;cc09ac69-9d30-4fad-9644-b87420311c42;100;https://www.facebook.com/share/17vVQgmgKp/?mibextid=wwXIfr;10.00;completed;;2026-02-16 07:46:39.733272+00;2026-02-16 08:06:25.680925+00;;
c2bc639d-7346-4ea6-bdc4-381e46ba8ec4;d14fa2aa-fac9-4935-8200-a51a724ae755;cc09ac69-9d30-4fad-9644-b87420311c42;100;https://www.facebook.com/share/v/1E1uhnZSoi/;10.00;cancelled;;2026-02-16 08:15:55.813315+00;2026-02-16 08:16:35.376234+00;;
29d8892d-a5c9-41b6-97b8-1f42019ce64f;26821760-c4b0-421d-9895-3ab7d2fafe13;cc09ac69-9d30-4fad-9644-b87420311c42;100;https://www.facebook.com/Thatohatsifanpage;10.00;completed;;2026-02-16 08:05:11.98038+00;2026-02-16 08:18:19.915196+00;;
605a51ed-8de4-442a-b578-7618797410f6;6b1a9a14-1e87-47a8-93ee-0eca95ceda76;860df7d7-ab70-46bd-bd80-7661255d0b13;100;https://www.facebook.com/profile.php?id=61587510174551&mibextid=wwXIfr&mibextid=wwXIfr;35.00;completed;;2026-02-16 08:17:40.011727+00;2026-02-16 08:26:36.775961+00;;
8e1f44b7-c3ae-4126-b749-4cd03c23882a;d14fa2aa-fac9-4935-8200-a51a724ae755;cc09ac69-9d30-4fad-9644-b87420311c42;100;https://www.facebook.com/share/v/1E1uhnZSoi/;10.00;cancelled;;2026-02-16 08:34:34.48982+00;2026-02-16 08:37:05.643908+00;;
f5a52a0a-a4d4-4919-a18c-3d9cf5814bff;4071bad3-6bc8-479d-a30d-8444da469877;cc09ac69-9d30-4fad-9644-b87420311c42;100;https://www.facebook.com/share/v/1E1uhnZSoi/;10.00;cancelled;;2026-02-16 08:40:35.354838+00;2026-02-16 08:41:58.206916+00;;
e18964f8-ad1b-4833-b624-1e01409b4876;bb09a267-89f6-4ae1-a41c-ac79f1e27100;2ad71475-3464-4177-9605-7b8c168db96e;100;https://vt.tiktok.com/ZSmBLqeUc/;12.00;completed;;2026-02-16 08:35:01.938295+00;2026-02-16 08:56:47.170728+00;;
715e8aad-ba04-498b-97f5-3c8cc6c38538;3b5f72d8-181c-4c5c-ba73-c0821770b32a;cf5c2458-d036-464b-89a7-277dd209191c;200;https://www.instagram.com/real.tflow258?igsh=dzlwc2xxbDV5Zmk5;34.00;cancelled;;2026-02-16 09:13:32.921269+00;2026-02-16 09:16:45.643531+00;;
1a9894b9-ac6a-4a8b-a2ac-c1a377f3d57d;3c89974c-e8a6-47f5-9425-37659dc464bb;8ac7de71-5db8-45ae-8328-7c538a712e2d;200;https://www.instagram.com/p/DUnS9ujilYh/?img_index=3&igsh=MWRuZ2diYjlqNHh4OA==;29.00;completed;;2026-02-15 23:23:57.000621+00;2026-02-18 05:46:34.990413+00;;
39a77d25-1c94-4717-8f5e-10ee64031891;b3406aa6-642f-4bec-a353-6c937170d068;860df7d7-ab70-46bd-bd80-7661255d0b13;100;https://www.facebook.com/share/r/1AeJsqu15m/;35.00;cancelled;;2026-02-22 20:52:55.135543+00;2026-02-22 20:55:29.849976+00;;
207947e2-ee09-4062-872b-07af0b28632f;712d7b5e-599e-46da-a1a8-6a1100f85939;2ad71475-3464-4177-9605-7b8c168db96e;100;https://www.facebook.com/61586653744205/posts/122107342281221791/?substory_index=2083919109052664&app=fbl;12.00;completed;;2026-02-16 09:03:54.455408+00;2026-02-16 09:14:16.524796+00;;
3266d0aa-e855-4999-95aa-9cfb146c1c3c;c09f69bf-dd4f-4d62-b464-63f357b47882;cc09ac69-9d30-4fad-9644-b87420311c42;200;https://www.facebook.com/share/p/16vo9BuHoL/;20.00;completed;;2026-02-16 19:16:38.574699+00;2026-02-16 20:43:48.453+00;;
6be01045-fa26-4ae9-b3a8-accca1c87956;712d7b5e-599e-46da-a1a8-6a1100f85939;cc09ac69-9d30-4fad-9644-b87420311c42;100;https://www.facebook.com/61586653744205/posts/122107342281221791/?substory_index=2083919109052664&app=fbl;10.00;completed;;2026-02-16 09:42:46.008947+00;2026-02-16 11:38:00.976118+00;;
7703954c-b4a6-4326-ba10-544f71cabe6b;bb09a267-89f6-4ae1-a41c-ac79f1e27100;860df7d7-ab70-46bd-bd80-7661255d0b13;100;https://www.facebook.com/share/1AVa82E2Q3/?mibextid=wwXIfr;35.00;completed;;2026-02-16 20:02:53.610203+00;2026-02-16 20:43:50.435678+00;;
95933273-bd4b-4dbc-bf0f-293cd2480aee;bb09a267-89f6-4ae1-a41c-ac79f1e27100;cc09ac69-9d30-4fad-9644-b87420311c42;100;https://www.facebook.com/share/1AVa82E2Q3/?mibextid=wwXIfr;10.00;completed;;2026-02-16 20:03:36.655234+00;2026-02-16 20:43:59.629645+00;;
d80e6f53-58f1-4d07-840d-75ed0d5bbfca;712d7b5e-599e-46da-a1a8-6a1100f85939;2ad71475-3464-4177-9605-7b8c168db96e;100;https://www.facebook.com/61586653744205/posts/122107342281221791/?substory_index=2083919109052664&app=fbl;12.00;completed;;2026-02-16 12:17:19.357715+00;2026-02-16 12:54:41.275388+00;;
5baa966a-adca-416e-8a12-516e685064e4;954b6095-2ef1-45d7-958d-28a3710b3a22;cc09ac69-9d30-4fad-9644-b87420311c42;100;https://www.facebook.com/100008474592465/posts/3907555846203530/?app=fbl;10.00;completed;;2026-02-16 12:38:47.363565+00;2026-02-16 12:54:44.46225+00;;
28b2e0a1-a7f3-4659-9fee-576c0377a3b9;355515d5-ff47-41dc-a8a5-c00252eef804;2ad71475-3464-4177-9605-7b8c168db96e;200;https://www.facebook.com/share/r/19b4ECcmAH/?mibextid=wwXIfr;24.00;completed;;2026-02-17 07:34:27.877295+00;2026-02-17 07:39:27.290113+00;;
46490a3c-c2c4-4cb7-b7d7-0694ae8bad5b;954b6095-2ef1-45d7-958d-28a3710b3a22;2ad71475-3464-4177-9605-7b8c168db96e;100;https://www.facebook.com/100008474592465/posts/3907555846203530/?app=fbl;12.00;completed;;2026-02-16 14:00:56.477556+00;2026-02-16 14:29:36.075174+00;;
9795d309-dd0f-4f2a-ab04-c5f5abdedaa2;954b6095-2ef1-45d7-958d-28a3710b3a22;6b2c2561-c65e-4b2b-980f-58368cfde1d8;100;https://vm.tiktok.com/ZS9JvthR2wAkS-VybjS/;13.00;completed;;2026-02-16 13:58:13.642182+00;2026-02-16 14:29:38.675879+00;;
d3b38c6e-bdcf-4a15-a7f7-a5d12c7377a5;c09f69bf-dd4f-4d62-b464-63f357b47882;cc09ac69-9d30-4fad-9644-b87420311c42;100;https://www.facebook.com/share/p/14ZNihTKyC8/;10.00;completed;;2026-02-16 16:47:32.141943+00;2026-02-16 16:55:31.030397+00;;
6b8676ea-a360-4563-bcee-7d3a239d3b9f;bb09a267-89f6-4ae1-a41c-ac79f1e27100;2ad71475-3464-4177-9605-7b8c168db96e;200;https://www.facebook.com/share/17vud8qvb6/?mibextid=wwXIfr;24.00;completed;;2026-02-18 17:54:38.213233+00;2026-02-18 18:01:23.366541+00;;
c421d38a-9da5-4f43-8a91-82bd15916e18;c09f69bf-dd4f-4d62-b464-63f357b47882;cc09ac69-9d30-4fad-9644-b87420311c42;100;https://www.facebook.com/share/r/1DF2g99e6t/;10.00;completed;;2026-02-16 17:25:06.812846+00;2026-02-16 17:45:04.093798+00;;
43d83203-324b-42c8-8ff4-d57c8d1c1d8b;c09f69bf-dd4f-4d62-b464-63f357b47882;2ad71475-3464-4177-9605-7b8c168db96e;100;https://m.facebook.com/story.php?story_fbid=pfbid0zq1pRcDaxdQE1RQTFLGAEA6eFRDVzwHy4ac1Rf41uxCUX6wokPgjy8NtNARhA3fMl&id=100090880629563&mibextid=Nif5oz;12.00;completed;;2026-02-16 17:05:16.965371+00;2026-02-16 17:45:06.262139+00;;
d4855fc1-fc72-46a5-a0f2-0f24685636bf;c09f69bf-dd4f-4d62-b464-63f357b47882;cc09ac69-9d30-4fad-9644-b87420311c42;100;https://www.facebook.com/share/p/1MTCxpUBBY/;10.00;completed;;2026-02-16 17:49:14.819621+00;2026-02-16 17:57:17.220554+00;;
c51065c3-74bf-4fb1-b11c-d7d99f774475;bb09a267-89f6-4ae1-a41c-ac79f1e27100;6b2c2561-c65e-4b2b-980f-58368cfde1d8;200;https://vt.tiktok.com/ZSmyj5tT1/;26.00;completed;;2026-02-18 17:59:28.548354+00;2026-02-18 18:08:58.311726+00;;
6fe14d5b-61a9-4b24-a053-13a03ddbfe00;bb09a267-89f6-4ae1-a41c-ac79f1e27100;cc09ac69-9d30-4fad-9644-b87420311c42;100;https://www.facebook.com/share/r/1831cjgfp2/?mibextid=wwXIfr;10.00;completed;;2026-02-19 17:16:59.253402+00;2026-02-19 17:26:53.477294+00;;
74abc7e4-5493-401d-8dd6-25719b208cad;bb09a267-89f6-4ae1-a41c-ac79f1e27100;cc09ac69-9d30-4fad-9644-b87420311c42;100;https://www.facebook.com/share/188kXi8KJi/?mibextid=wwXIfr;10.00;completed;;2026-02-16 18:50:52.717584+00;2026-02-16 19:05:24.792334+00;;
81348fdf-3e7e-4a00-b221-686e65540de6;edb5492e-f130-4121-9c2b-dcde62913c88;860df7d7-ab70-46bd-bd80-7661255d0b13;100;https://www.facebook.com/arqthrill;35.00;completed;;2026-02-18 18:48:51.920105+00;2026-02-18 18:51:26.293225+00;;
c7b8f9a3-a4f5-4914-bad3-5566153558ca;1ac3f4c1-8d08-48a1-86c1-a8e503087e6e;cc09ac69-9d30-4fad-9644-b87420311c42;100;https://www.facebook.com/share/18EkUf9osS/;10.00;completed;;2026-02-17 12:42:32.232243+00;2026-02-17 12:55:09.003597+00;;
67e53377-b2bf-42ea-a1cc-3bfd246a7195;d388e1c7-a67d-42cf-9227-30de68747358;cc09ac69-9d30-4fad-9644-b87420311c42;100;https://www.facebook.com/100068023039288/posts/1230166829260740/?mibextid=rS40aB7S9Ucbxw6v;10.00;completed;;2026-02-17 12:52:35.049963+00;2026-02-17 13:07:17.919625+00;;
cc23001b-9f96-4fad-b3ad-ae4763e4c98c;d388e1c7-a67d-42cf-9227-30de68747358;cc09ac69-9d30-4fad-9644-b87420311c42;100;https://www.facebook.com/100068023039288/posts/1230166829260740/?mibextid=rS40aB7S9Ucbxw6v;10.00;completed;;2026-02-17 12:52:55.794748+00;2026-02-17 13:07:19.982246+00;;
f8cd3c86-f9da-4338-a5f6-1847fab4d5d6;8fa03fef-2028-4946-aee7-3085d8cec59e;cc09ac69-9d30-4fad-9644-b87420311c42;100;https://www.facebook.com/100024597531132/posts/2190876021742294/?substory_index=744299241840753&app=fbl;10.00;completed;;2026-02-17 22:48:08.839423+00;2026-02-17 23:12:38.650763+00;;
a3f53695-b497-4d8b-8252-3e2e65e45f68;54b4cca0-7ed5-4566-bd29-c15e69c95de1;cc09ac69-9d30-4fad-9644-b87420311c42;100;https://www.facebook.com/share/183TNSZzkF/;10.00;completed;;2026-02-19 04:39:52.377569+00;2026-02-19 04:50:55.112992+00;;
fc486375-b53d-4375-b788-7cbe3a7d6c6b;c09f69bf-dd4f-4d62-b464-63f357b47882;2ad71475-3464-4177-9605-7b8c168db96e;300;https://www.facebook.com/share/p/1CyoAfjYQB/;36.00;completed;;2026-02-16 18:13:35.510729+00;2026-02-18 05:51:31.516366+00;;
f847a5e7-e1cc-4a9c-9043-40e5055c8a08;8bd562b3-52c7-4c3b-acc0-6676d3a6dc2c;860df7d7-ab70-46bd-bd80-7661255d0b13;100;https://www.facebook.com/share/17PknAfpDN/?mibextid=wwXIfr;35.00;completed;;2026-02-18 08:17:29.006166+00;2026-02-18 08:26:58.65211+00;;
bc7d1bc7-4cee-4fef-af30-3efe25adfe9b;c09f69bf-dd4f-4d62-b464-63f357b47882;cc09ac69-9d30-4fad-9644-b87420311c42;1000;https://m.facebook.com/story.php?story_fbid=pfbid0zerp8Twr96DehqCs6d38pVcw7FRKQLaq5kE2d1cUm5k5VCmiCymKaZYYQAhBRnQXl&id=100090880629563&mibextid=Nif5oz;100.00;completed;;2026-02-18 17:42:20.562744+00;2026-02-18 17:52:48.623007+00;;
ce6f6a2d-1179-47d8-a474-741955936427;54b4cca0-7ed5-4566-bd29-c15e69c95de1;2ad71475-3464-4177-9605-7b8c168db96e;100;https://www.facebook.com/share/1Bs7GTmynw/;12.00;completed;;2026-02-19 04:48:48.303451+00;2026-02-19 04:54:32.243471+00;;
1955b871-9c9a-453a-b57b-41c8c03c1896;54b4cca0-7ed5-4566-bd29-c15e69c95de1;cc09ac69-9d30-4fad-9644-b87420311c42;100;https://www.facebook.com/share/1Bs7GTmynw/;10.00;completed;;2026-02-19 04:54:03.547591+00;2026-02-19 05:03:31.131913+00;;
a4f94e0e-8107-41ad-919f-0b3e2c972441;54b4cca0-7ed5-4566-bd29-c15e69c95de1;cc09ac69-9d30-4fad-9644-b87420311c42;100;https://www.facebook.com/share/1AB8ruJiY5/;10.00;completed;;2026-02-19 05:03:00.333761+00;2026-02-19 05:13:18.676954+00;;
91d391e7-8a5b-4a1e-941d-4dd0da74f623;bb09a267-89f6-4ae1-a41c-ac79f1e27100;cc09ac69-9d30-4fad-9644-b87420311c42;100;https://www.facebook.com/share/r/18Twe3DykT/?mibextid=wwXIfr;10.00;completed;;2026-02-19 17:14:05.113823+00;2026-02-19 17:26:47.708497+00;;
87f7bcd1-42a9-487f-b683-c120cc3a768b;bb09a267-89f6-4ae1-a41c-ac79f1e27100;2ad71475-3464-4177-9605-7b8c168db96e;100;https://www.facebook.com/share/r/18Twe3DykT/?mibextid=wwXIfr;12.00;completed;;2026-02-19 17:14:39.222539+00;2026-02-19 17:26:51.927926+00;;
6cb21f41-025d-427b-bec1-3196dbff8889;b3406aa6-642f-4bec-a353-6c937170d068;cc09ac69-9d30-4fad-9644-b87420311c42;100;https://www.facebook.com/share/r/1AeJsqu15m/;10.00;completed;;2026-02-19 19:54:39.536751+00;2026-02-19 20:11:50.990669+00;;
969de701-8e65-4879-ada8-2add38d8cfbf;b3406aa6-642f-4bec-a353-6c937170d068;860df7d7-ab70-46bd-bd80-7661255d0b13;100;https://www.facebook.com/share/r/1AeJsqu15m/;35.00;completed;;2026-02-19 20:13:48.724278+00;2026-02-19 20:25:51.259822+00;;
cd1a6709-6ede-41ab-9731-164367b8115f;cdcc666b-9e82-40fc-8860-f3bdecfa59d1;8ac7de71-5db8-45ae-8328-7c538a712e2d;100;https://www.facebook.com/share/p/1FXAvx8DC5/;14.50;completed;;2026-02-20 13:20:52.20255+00;2026-02-20 14:07:43.055288+00;;
ed540ead-44cf-4fa0-8cb2-b59964ea8747;bb09a267-89f6-4ae1-a41c-ac79f1e27100;6b2c2561-c65e-4b2b-980f-58368cfde1d8;200;https://vt.tiktok.com/ZSmPHfmY3/;26.00;completed;;2026-02-19 20:23:53.184932+00;2026-02-19 20:53:20.395242+00;;
6b4116a8-b71d-4952-8936-7782c38d026e;c09f69bf-dd4f-4d62-b464-63f357b47882;cc09ac69-9d30-4fad-9644-b87420311c42;500;https://www.facebook.com/share/p/14TdiDAVDoz/;50.00;completed;;2026-02-21 17:42:01.951999+00;2026-02-21 18:57:09.658174+00;;
9fe159bb-6630-4a3b-b210-60f8e2b0472b;54b4cca0-7ed5-4566-bd29-c15e69c95de1;cc09ac69-9d30-4fad-9644-b87420311c42;2000;https://www.facebook.com/61563446196464/posts/122188047728448206/?app=fbl;200.00;completed;;2026-02-22 07:40:21.53582+00;2026-02-22 12:01:06.135804+00;;
4e55c1dd-cfac-4ccc-b979-8f3001d01010;94fc3dd3-ab81-46b6-a25a-3ccea69220ac;cc09ac69-9d30-4fad-9644-b87420311c42;100;https://www.facebook.com/share/1KuQ2yMtbh/;10.00;completed;;2026-02-22 15:59:58.299239+00;2026-02-22 16:13:51.493167+00;;
72ed6eeb-5084-4692-9280-3f1cbbddf06e;94fc3dd3-ab81-46b6-a25a-3ccea69220ac;cc09ac69-9d30-4fad-9644-b87420311c42;100;https://www.facebook.com/share/1CPXajYFVM/;10.00;completed;;2026-02-22 16:09:15.407332+00;2026-02-22 16:13:53.69521+00;;
9c0cfc9e-cfb6-4ab5-93c9-f4419abedf3a;94fc3dd3-ab81-46b6-a25a-3ccea69220ac;cc09ac69-9d30-4fad-9644-b87420311c42;200;https://www.facebook.com/share/v/1CMVQ6i7Wc/;20.00;completed;;2026-02-22 15:18:58.191611+00;2026-02-22 16:13:55.963011+00;;
a5539cfe-87ba-461a-b3b6-de0471c368a6;94fc3dd3-ab81-46b6-a25a-3ccea69220ac;cc09ac69-9d30-4fad-9644-b87420311c42;100;https://www.facebook.com/share/1AfEuxV1px/;10.00;completed;;2026-02-22 15:32:21.094128+00;2026-02-22 16:13:58.413884+00;;
d4898fc3-0d72-4f0b-91d0-c331d95791b3;b3406aa6-642f-4bec-a353-6c937170d068;cc09ac69-9d30-4fad-9644-b87420311c42;100;https://www.facebook.com/reel/928188056635721/?app=fbl;10.00;completed;;2026-02-22 20:38:44.624592+00;2026-02-22 20:48:18.337106+00;;
072e4395-0458-4d53-a114-86d6b93eb7b1;b3406aa6-642f-4bec-a353-6c937170d068;860df7d7-ab70-46bd-bd80-7661255d0b13;100;https://www.facebook.com/share/r/1AeJsqu15m/;35.00;cancelled;;2026-02-22 18:05:30.992261+00;2026-02-22 20:48:27.325498+00;;
83e4fca1-b891-461f-9d02-6aaec528a9c5;54b4cca0-7ed5-4566-bd29-c15e69c95de1;860df7d7-ab70-46bd-bd80-7661255d0b13;500;https://www.facebook.com/profile.php?id=61563446196464;175.00;completed;;2026-02-22 20:57:34.900476+00;2026-02-22 21:09:09.639523+00;;
c27a0880-f937-4bf7-a166-15fd8f7a765b;b3406aa6-642f-4bec-a353-6c937170d068;cc09ac69-9d30-4fad-9644-b87420311c42;100;https://www.facebook.com/100065592275154/posts/1261401839389547/?app=fbl;10.00;completed;;2026-02-22 20:52:25.513451+00;2026-02-22 21:09:30.145049+00;;
a8d3ef91-5a75-45c7-96f2-411d969a0800;c5f086d2-8cc7-4d56-a1ac-3e812f62593e;cc09ac69-9d30-4fad-9644-b87420311c42;100;https://www.facebook.com/share/p/18GrGCDVgE/;10.00;completed;;2026-02-23 04:57:05.354475+00;2026-02-23 05:57:39.254857+00;;
7cb2fc9b-b1a1-4835-bf80-8f044ac3d357;b3406aa6-642f-4bec-a353-6c937170d068;860df7d7-ab70-46bd-bd80-7661255d0b13;100;https://www.facebook.com/profile.php?id=100065592275154;35.00;completed;;2026-02-23 19:14:28.525854+00;2026-02-23 19:46:57.358307+00;;
ff15de0a-c574-45a4-874f-c78528ba9e2a;54b4cca0-7ed5-4566-bd29-c15e69c95de1;860df7d7-ab70-46bd-bd80-7661255d0b13;100;https://www.facebook.com/profile.php?id=61588472530996;35.00;completed;;2026-02-24 17:41:53.376722+00;2026-02-25 04:02:43.796384+00;;
01c0f8a2-c522-4f9e-9242-7d28d1b90124;54b4cca0-7ed5-4566-bd29-c15e69c95de1;cc09ac69-9d30-4fad-9644-b87420311c42;400;https://www.facebook.com/61588472530996/posts/122099437365282417/?app=fbl;40.00;completed;;2026-02-24 17:41:12.467354+00;2026-02-25 04:02:46.440685+00;;
1ecad975-23f9-4369-95d4-a78df7f77c57;54b4cca0-7ed5-4566-bd29-c15e69c95de1;2ad71475-3464-4177-9605-7b8c168db96e;100;https://www.facebook.com/61588472530996/posts/122099437365282417/?app=fbl;12.00;completed;;2026-02-24 17:40:25.164702+00;2026-02-25 04:02:49.072588+00;;
e17925c4-885b-4908-9fc9-d36b193614d9;54b4cca0-7ed5-4566-bd29-c15e69c95de1;860df7d7-ab70-46bd-bd80-7661255d0b13;100;https://www.facebook.com/profile.php?id=61586760792276;35.00;completed;;2026-02-24 17:39:09.151606+00;2026-02-25 04:02:51.793594+00;;
5036b3a8-58be-4cdf-9d2d-9bbfae4d87f5;54b4cca0-7ed5-4566-bd29-c15e69c95de1;cc09ac69-9d30-4fad-9644-b87420311c42;400;https://www.facebook.com/61586760792276/posts/122110798059225359/?app=fbl;40.00;completed;;2026-02-24 17:37:56.398382+00;2026-02-25 04:02:54.981008+00;;
650767b1-a141-4344-a0ff-203299fef45f;54b4cca0-7ed5-4566-bd29-c15e69c95de1;2ad71475-3464-4177-9605-7b8c168db96e;100;https://www.facebook.com/61586760792276/posts/122110798059225359/?app=fbl;12.00;completed;;2026-02-24 17:36:13.974017+00;2026-02-25 04:02:57.47983+00;;
fe1f38c6-c296-4e0c-9967-bc714492b2d9;55c2b2d9-64d8-4a7d-9dd4-e0d1c85b5460;2ad71475-3464-4177-9605-7b8c168db96e;500;https://www.facebook.com/61581928932011/posts/122122966023064297/?substory_index=1422323799378778&app=fbl;60.00;completed;;2026-02-25 17:56:54.024185+00;2026-02-26 18:29:11.373467+00;;
24d172d3-2691-4300-a47f-54f7689416db;bb09a267-89f6-4ae1-a41c-ac79f1e27100;cc09ac69-9d30-4fad-9644-b87420311c42;200;https://www.facebook.com/share/r/1TJAu2Pq4w/?mibextid=wwXIfr;20.00;completed;;2026-02-26 18:09:19.137645+00;2026-02-26 19:52:44.731298+00;;
82c85be3-eb2b-4df1-b8e7-277139150736;bb09a267-89f6-4ae1-a41c-ac79f1e27100;cc09ac69-9d30-4fad-9644-b87420311c42;100;https://www.facebook.com/share/p/14WSpQuietY/?mibextid=wwXIfr;10.00;completed;;2026-02-26 18:07:44.654644+00;2026-02-26 19:52:47.236894+00;;
2344426a-e229-48ba-96da-44dc6ed0b998;bb09a267-89f6-4ae1-a41c-ac79f1e27100;cc09ac69-9d30-4fad-9644-b87420311c42;100;https://m.facebook.com/story.php?story_fbid=pfbid04Zaten59G6UWz4jRm9D341xeEbosTkRs5CQgii9PdTm1KmtzUapft4EtXSSDxcV4l&id=61587536542943&mibextid=wwXIfr;10.00;cancelled;;2026-02-26 18:06:44.737797+00;2026-02-26 20:21:52.854629+00;;
daf5c61b-d85e-40de-aca4-341033814a30;b3406aa6-642f-4bec-a353-6c937170d068;cc09ac69-9d30-4fad-9644-b87420311c42;100;https://www.facebook.com/100065592275154/posts/pfbid02few5wuoohEBc7h3idhjk7qH8Xe7SFwQYiSHa1aa6AZwxRzJSxwnVG2HkaGwSnz8zl/;10.00;completed;;2026-02-27 17:02:28.504127+00;2026-02-27 22:32:23.260204+00;;
918a225f-778f-4c42-b812-1785ec76cb4d;b3406aa6-642f-4bec-a353-6c937170d068;cc09ac69-9d30-4fad-9644-b87420311c42;100;https://www.facebook.com/share/r/1AeJsqu15m/;10.00;completed;;2026-02-27 15:21:02.654744+00;2026-02-27 22:32:26.056611+00;;
e72d24e2-765f-4e02-a170-08db4db0e7b1;e513da05-a1ae-43f3-86b7-766de1aec0c8;cc09ac69-9d30-4fad-9644-b87420311c42;900;https://www.facebook.com/share/p/18fGfBG5SQ/;90.00;completed;;2026-02-27 22:07:09.830409+00;2026-02-27 23:48:13.075369+00;;
902b41e8-3aac-4b62-81a2-fc09f5451b07;5746d21a-2529-4db1-835c-bcf8059295b5;860df7d7-ab70-46bd-bd80-7661255d0b13;300;https://web.facebook.com/lisconsultservices;105.00;completed;;2026-02-28 13:12:51.148343+00;2026-02-28 17:53:14.69213+00;;
76250b0c-829c-447c-8273-c603e651d395;d783e439-d242-4157-b639-58f9873845cc;cc09ac69-9d30-4fad-9644-b87420311c42;100;https://www.facebook.com/profile.php?id=61588024234795;10.00;completed;;2026-02-28 15:11:05.026878+00;2026-02-28 19:48:51.373535+00;;
ae905328-b513-4027-a775-de0414cab837;34f71ad7-3e88-4eb3-8e28-dfa4f7db4a17;cc09ac69-9d30-4fad-9644-b87420311c42;100;https://www.facebook.com/100083925078550/posts/902116065929221/?app=fbl;10.00;completed;;2026-02-28 19:47:45.251287+00;2026-03-01 05:21:56.401926+00;;
40bee6b0-f8fc-4576-b94d-47d71d6b9136;34f71ad7-3e88-4eb3-8e28-dfa4f7db4a17;cc09ac69-9d30-4fad-9644-b87420311c42;100;https://www.facebook.com/100083925078550/posts/902116065929221/?app=fbl;10.00;completed;;2026-02-28 20:21:16.48486+00;2026-03-01 05:21:58.279135+00;;
e4c74ef1-fae0-42e5-9686-960c67e24582;34f71ad7-3e88-4eb3-8e28-dfa4f7db4a17;cc09ac69-9d30-4fad-9644-b87420311c42;100;https://www.facebook.com/100083925078550/posts/895643776576450/?app=fbl;10.00;completed;;2026-02-28 20:28:48.956594+00;2026-03-01 05:22:00.222017+00;;
156fc764-f4de-4bb1-8c78-9c875f8d089b;34f71ad7-3e88-4eb3-8e28-dfa4f7db4a17;cc09ac69-9d30-4fad-9644-b87420311c42;100;https://www.facebook.com/100083925078550/posts/902116065929221/?app=fbl;10.00;completed;;2026-03-01 05:16:53.652327+00;2026-03-01 15:20:16.377714+00;;
79d41c12-c8fe-49e5-9428-e1941adec9c7;34f71ad7-3e88-4eb3-8e28-dfa4f7db4a17;cc09ac69-9d30-4fad-9644-b87420311c42;100;https://www.facebook.com/100083925078550/posts/902116065929221/?app=fbl;10.00;completed;;2026-03-01 05:21:09.478401+00;2026-03-01 15:20:19.523832+00;;
dad40b0a-b215-4a75-8a3d-82b33ce6b9e1;54b4cca0-7ed5-4566-bd29-c15e69c95de1;cc09ac69-9d30-4fad-9644-b87420311c42;200;https://www.facebook.com/share/1AKJ5AvYvM/;20.00;completed;;2026-03-01 15:16:43.267106+00;2026-03-01 16:46:28.53627+00;;
9415e881-a93e-4e69-a2ef-8d0cd44f872e;54b4cca0-7ed5-4566-bd29-c15e69c95de1;2ad71475-3464-4177-9605-7b8c168db96e;100;https://www.facebook.com/share/1BC8cPYZ2M/;12.00;completed;;2026-03-01 15:18:55.557791+00;2026-03-01 16:46:30.610603+00;;
4bf9112d-88b7-4709-8020-166708385167;b3406aa6-642f-4bec-a353-6c937170d068;cc09ac69-9d30-4fad-9644-b87420311c42;300;https://www.facebook.com/100065592275154/posts/1267910912071973/?app=fbl;30.00;completed;;2026-03-02 19:48:26.333905+00;2026-03-03 07:39:11.817593+00;;
b5d8c27c-80c5-4813-8bcf-5b39f8600c6d;bb09a267-89f6-4ae1-a41c-ac79f1e27100;cc09ac69-9d30-4fad-9644-b87420311c42;100;https://www.facebook.com/share/p/1FyXYPj6mJ/?mibextid=wwXIfr;10.00;completed;;2026-03-03 04:56:35.684719+00;2026-03-03 09:03:57.559025+00;;
270e01f3-5308-4d30-94ff-37c5ea31cf5c;34f71ad7-3e88-4eb3-8e28-dfa4f7db4a17;cc09ac69-9d30-4fad-9644-b87420311c42;100;https://www.facebook.com/100083925078550/posts/902116065929221/?app=fbl;10.00;completed;;2026-03-08 17:24:04.047482+00;2026-03-08 17:38:30.053619+00;;
bf390c9e-5578-4e53-a0f2-af1148dc190e;34f71ad7-3e88-4eb3-8e28-dfa4f7db4a17;cc09ac69-9d30-4fad-9644-b87420311c42;100;https://www.facebook.com/100083925078550/posts/902116065929221/?app=fbl;10.00;completed;;2026-03-08 17:24:18.712003+00;2026-03-08 17:38:31.787678+00;;
0dafac94-d438-4bc1-88d6-0f66810db62c;34f71ad7-3e88-4eb3-8e28-dfa4f7db4a17;cc09ac69-9d30-4fad-9644-b87420311c42;100;https://www.facebook.com/100083925078550/posts/902116065929221/?app=fbl;10.00;completed;;2026-03-08 17:23:45.898773+00;2026-03-08 17:38:33.405615+00;;
37151c49-36b9-4b9b-8bef-fdcaaf442ab4;34f71ad7-3e88-4eb3-8e28-dfa4f7db4a17;cc09ac69-9d30-4fad-9644-b87420311c42;100;https://www.facebook.com/100083925078550/posts/917028104438017/?app=fbl;10.00;completed;;2026-03-08 17:34:48.362101+00;2026-03-08 17:52:08.761976+00;;
8b2f3ee1-4a17-43a4-9ae4-77b443b8cc8e;34f71ad7-3e88-4eb3-8e28-dfa4f7db4a17;cc09ac69-9d30-4fad-9644-b87420311c42;100;https://www.facebook.com/100083925078550/posts/917028104438017/?app=fbl;10.00;completed;;2026-03-08 17:40:34.288345+00;2026-03-08 17:52:12.166555+00;;
efbfed02-a0f3-44de-acc6-9f0eda3e1b09;5f783cfa-7ebe-4c65-8bab-337e7494b8ba;cc09ac69-9d30-4fad-9644-b87420311c42;100;https://www.facebook.com/share/1AsNxVYYJb/?mibextid=wwXIfr;10.00;completed;;2026-03-09 12:32:37.436777+00;2026-03-09 12:49:33.935397+00;;
0f0bd386-3d64-4ac8-bbc7-945defee8d37;5f783cfa-7ebe-4c65-8bab-337e7494b8ba;2ad71475-3464-4177-9605-7b8c168db96e;100;https://www.facebook.com/share/1AsNxVYYJb/?mibextid=wwXIfr;12.00;completed;;2026-03-09 12:47:56.698714+00;2026-03-09 12:55:49.07693+00;;
735058cd-5ace-457e-9070-a0db34f7bd4a;5f783cfa-7ebe-4c65-8bab-337e7494b8ba;cc09ac69-9d30-4fad-9644-b87420311c42;200;https://www.facebook.com/share/1AyYDsw7Yz/?mibextid=wwXIfr;20.00;completed;;2026-03-09 13:42:10.598798+00;2026-03-09 14:30:03.331794+00;;
595e4ed9-a6f3-4a58-99e4-f2536fafc9ed;df80cf1f-dc89-41f9-8884-bb597804a45c;860df7d7-ab70-46bd-bd80-7661255d0b13;100;https://www.facebook.com/fernandes.franciscomaliquete;35.00;completed;;2026-03-09 13:42:41.48949+00;2026-03-09 14:30:05.09307+00;;
059957bb-9b8c-4073-89e2-3e4da87bd696;df80cf1f-dc89-41f9-8884-bb597804a45c;cc09ac69-9d30-4fad-9644-b87420311c42;100;https://www.facebook.com/fernandes.franciscomaliquete;10.00;cancelled;;2026-03-09 14:49:00.935193+00;2026-03-09 15:10:04.997782+00;;
8bfeedf4-bd43-45a2-a07d-3c2130d18398;1827bfdf-76ed-4302-a37e-3395a1021cde;97d20b63-84cd-4686-8bc1-d4f6b4a96c9a;100;https://www.instagram.com/mozboost01?igsh=djZjb2I1YmVleXp1&utm_source=qr;35.00;completed;;2026-03-09 15:30:26.293234+00;2026-03-09 15:44:14.117403+00;;
af7bc87c-8809-4139-9b94-4f59788d851a;bb09a267-89f6-4ae1-a41c-ac79f1e27100;2ad71475-3464-4177-9605-7b8c168db96e;100;https://www.facebook.com/share/r/1AeNqFG2Fm/?mibextid=wwXIfr;12.00;completed;;2026-03-10 08:15:08.052175+00;2026-03-10 09:01:31.846101+00;;
4d13e3a5-aced-40eb-bbe0-5aa40d3e0f24;bb09a267-89f6-4ae1-a41c-ac79f1e27100;cc09ac69-9d30-4fad-9644-b87420311c42;100;https://www.facebook.com/share/r/1AeNqFG2Fm/?mibextid=wwXIfr;10.00;completed;;2026-03-10 08:13:22.424103+00;2026-03-10 09:01:04.595086+00;;
419e01db-efe1-4261-8ef4-5d058d07488e;bb09a267-89f6-4ae1-a41c-ac79f1e27100;2ad71475-3464-4177-9605-7b8c168db96e;100;https://www.facebook.com/share/r/1AeNqFG2Fm/?mibextid=wwXIfr;12.00;completed;;2026-03-10 08:14:28.981941+00;2026-03-10 09:01:02.463222+00;;
1af0eb34-4f90-4935-b694-4c0a4c4d03ce;1827bfdf-76ed-4302-a37e-3395a1021cde;97d20b63-84cd-4686-8bc1-d4f6b4a96c9a;200;https://www.instagram.com/yanick8.80?igsh=MTFtaXN6Y2kwamloeg==;70.00;completed;;2026-03-24 18:04:37.834788+00;2026-03-24 18:39:48.120007+00;;
2766101d-3494-430c-8e54-4d0b015bb015;bb09a267-89f6-4ae1-a41c-ac79f1e27100;cc09ac69-9d30-4fad-9644-b87420311c42;100;https://www.facebook.com/share/p/1DbrRLwuJM/?mibextid=wwXIfr;10.00;completed;;2026-03-10 08:19:07.317089+00;2026-03-10 09:01:06.554149+00;;
c1a8b78a-1822-4d0a-9c5e-ecc880496f93;bb09a267-89f6-4ae1-a41c-ac79f1e27100;2ad71475-3464-4177-9605-7b8c168db96e;100;https://www.facebook.com/share/p/17LWtNAsX4/?mibextid=wwXIfr;12.00;completed;;2026-03-10 08:19:47.486171+00;2026-03-10 09:01:08.517191+00;;
d39721b9-be82-4d3f-8d3d-27e04cc484d8;c09f69bf-dd4f-4d62-b464-63f357b47882;cc09ac69-9d30-4fad-9644-b87420311c42;200;https://www.facebook.com/100089896763168/posts/825567750449776/?substory_index=749560744295566&app=fbl;20.00;cancelled;;2026-03-24 12:43:28.48886+00;2026-03-24 18:39:51.028977+00;;
4085b039-6494-4995-a340-c6e7199243c6;1827bfdf-76ed-4302-a37e-3395a1021cde;cc09ac69-9d30-4fad-9644-b87420311c42;100;https://www.facebook.com/share/p/1CYUmjpTmy/?mibextid=wwXIfr;10.00;completed;;2026-03-11 14:05:05.63136+00;2026-03-11 14:57:42.761875+00;;
edc575c5-7a12-43d1-a3e5-16a9041a70a9;289ea21f-0362-46d3-b039-0b8a44d12d95;97d20b63-84cd-4686-8bc1-d4f6b4a96c9a;100;https://www.instagram.com/frank.magaia_?igsh=NXl1YTFvOXNnMWVn;35.00;completed;;2026-03-11 16:51:08.598913+00;2026-03-12 16:30:09.231057+00;;
80f880fb-d582-493e-8423-be02d03c3458;fd90a447-b9e7-4dae-93a5-fd703284b833;2ad71475-3464-4177-9605-7b8c168db96e;1000;https://www.facebook.com/share/p/1BnBxjwQBY/;120.00;completed;;2026-03-18 14:31:46.57247+00;2026-03-18 14:48:35.85064+00;19883083;Completed
7752c506-cfa1-480b-b0b5-c832b4588bb1;fd90a447-b9e7-4dae-93a5-fd703284b833;2ad71475-3464-4177-9605-7b8c168db96e;100;https://www.facebook.com/share/r/1DeTeGbBhY/;12.00;completed;;2026-03-13 10:50:10.504905+00;2026-03-13 11:00:08.739382+00;19837645;Completed
102621a2-3254-4e28-8aae-765f795e6799;fd90a447-b9e7-4dae-93a5-fd703284b833;cc09ac69-9d30-4fad-9644-b87420311c42;500;https://www.facebook.com/share/p/1BnBxjwQBY/;50.00;completed;;2026-03-18 14:32:34.834675+00;2026-03-19 05:25:41.93805+00;19883087;Completed
df260825-5df3-4f00-868e-396ff84917ca;c09f69bf-dd4f-4d62-b464-63f357b47882;042fddbb-f7cb-4f82-a9ad-1e0bc47319a9;100;https://www.facebook.com/share/r/14VVsBPnSd6/;5.00;cancelled;;2026-03-13 11:11:32.612672+00;2026-03-13 18:00:43.035269+00;;
deca80bd-8762-4a2c-9a9b-404ae24a44a2;289ea21f-0362-46d3-b039-0b8a44d12d95;2ad71475-3464-4177-9605-7b8c168db96e;100;https://www.facebook.com/100078780085875/posts/917248664244461/?mibextid=rS40aB7S9Ucbxw6v;12.00;completed;;2026-03-13 20:31:31.968539+00;2026-03-14 04:08:54.076348+00;;
8390c9af-1d18-425d-9d8f-c1d0f83b3b9f;1827bfdf-76ed-4302-a37e-3395a1021cde;8ac7de71-5db8-45ae-8328-7c538a712e2d;100;https://www.instagram.com/p/DQWO5_LjEWg/?utm_source=ig_web_copy_link&igsh=MzRlODBiNWFlZA==;14.50;completed;;2026-03-14 14:46:12.82061+00;2026-03-14 15:31:46.368312+00;;
4f732ce0-2894-4a2b-941a-731634af4899;1827bfdf-76ed-4302-a37e-3395a1021cde;97d20b63-84cd-4686-8bc1-d4f6b4a96c9a;100;https://www.instagram.com/sarifojanisse?igsh=MXBsNzNkenE3MXZyeg==;35.00;completed;;2026-03-14 14:42:39.249799+00;2026-03-14 16:55:59.871462+00;;
1d16d7aa-6f2b-459e-bde2-be6f3385990f;289ea21f-0362-46d3-b039-0b8a44d12d95;46b46b5a-72dc-47c4-9c1a-056f3d7e0a42;10;https://vt.tiktok.com/ZSu45yD2X/;1.30;completed;;2026-03-18 18:50:39.15706+00;2026-03-19 05:25:50.473531+00;;
09d259a8-6656-4955-8c5f-368920128833;fd90a447-b9e7-4dae-93a5-fd703284b833;2ad71475-3464-4177-9605-7b8c168db96e;300;https://www.facebook.com/reel/1967544570846302/;36.00;completed;;2026-03-14 20:17:32.998525+00;2026-03-14 20:25:02.675547+00;19849825;Completed
4947b43c-2825-43d0-8945-2a81880afda7;01910bf3-a6d7-494f-a429-00866dd1af0d;97d20b63-84cd-4686-8bc1-d4f6b4a96c9a;1000;https://www.facebook.com/arqthrill;350.00;completed;;2026-03-16 16:35:30.714332+00;2026-03-16 17:42:42.272962+00;;
9ac9670e-ecc0-4b63-88ed-f0244ab58827;c09f69bf-dd4f-4d62-b464-63f357b47882;2ad71475-3464-4177-9605-7b8c168db96e;200;https://m.facebook.com/story.php?story_fbid=pfbid02N1yWGaPtqphgLr5XEo4xG8kLk73hE6HQxgLtZYvz3EKynhUYndR541r1roQi7ATil&id=100090880629563&mibextid=Nif5oz;24.00;cancelled;;2026-03-22 18:51:48.755563+00;2026-03-22 18:57:38.519767+00;;
2e81faa5-95f3-4210-8789-f01bea9c7ebe;c09f69bf-dd4f-4d62-b464-63f357b47882;2ad71475-3464-4177-9605-7b8c168db96e;200;https://m.facebook.com/story.php?story_fbid=pfbid02N1yWGaPtqphgLr5XEo4xG8kLk73hE6HQxgLtZYvz3EKynhUYndR541r1roQi7ATil&id=100090880629563&mibextid=Nif5oz;24.00;completed;;2026-03-22 18:51:27.040994+00;2026-03-22 19:07:02.529714+00;;
88339deb-4618-4041-bb91-0f40fb436d3e;fd90a447-b9e7-4dae-93a5-fd703284b833;860df7d7-ab70-46bd-bd80-7661255d0b13;1000;https://www.facebook.com/draroldovasconcelos/;350.00;completed;;2026-03-17 06:44:54.757642+00;2026-03-17 12:51:21.039285+00;19871620;Completed
65cd5bbc-3d51-4354-958b-431efe75543a;289ea21f-0362-46d3-b039-0b8a44d12d95;46b46b5a-72dc-47c4-9c1a-056f3d7e0a42;10;https://vt.tiktok.com/ZSuCCcsLy/;1.30;completed;;2026-03-18 00:47:43.589978+00;2026-03-18 05:39:56.390028+00;;
14a79705-37c3-472f-8af2-f7d9ad9f6a20;c09f69bf-dd4f-4d62-b464-63f357b47882;cc09ac69-9d30-4fad-9644-b87420311c42;200;https://www.facebook.com/share/p/1B1DrE3jEr/;20.00;completed;;2026-03-22 19:11:31.891082+00;2026-03-22 19:20:38.985055+00;;
d57032ad-9dea-4d81-9d16-62c173a1c815;c09f69bf-dd4f-4d62-b464-63f357b47882;cc09ac69-9d30-4fad-9644-b87420311c42;100;https://www.facebook.com/reel/886611821074811/?app=fbl;10.00;completed;;2026-03-22 20:06:52.64515+00;2026-03-22 23:07:44.638819+00;;
60f5bfef-b467-4012-8083-35f25b7bf01e;c09f69bf-dd4f-4d62-b464-63f357b47882;cc09ac69-9d30-4fad-9644-b87420311c42;200;https://www.facebook.com/100089896763168/posts/825567750449776/?substory_index=749560744295566&app=fbl;20.00;cancelled;;2026-03-24 11:03:00.176061+00;2026-03-24 11:59:22.000108+00;;
d9a10f79-e02b-4c44-aeed-a6a1d2494b98;fd90a447-b9e7-4dae-93a5-fd703284b833;2ad71475-3464-4177-9605-7b8c168db96e;200;https://www.facebook.com/share/p/1CR2encNmN/;24.00;completed;;2026-03-25 06:10:48.541838+00;2026-03-25 06:20:30.441526+00;19943784;Completed
5581bd44-9a92-4669-a9ca-a8e473538563;fd90a447-b9e7-4dae-93a5-fd703284b833;cc09ac69-9d30-4fad-9644-b87420311c42;200;https://www.facebook.com/share/p/1TTveChG4K/;20.00;cancelled;;2026-03-24 12:54:42.166847+00;2026-03-24 13:15:30.89914+00;19935754;Canceled
e3369a7f-cc19-45bd-9393-9fac6b96a4c8;fd90a447-b9e7-4dae-93a5-fd703284b833;2ad71475-3464-4177-9605-7b8c168db96e;200;https://www.facebook.com/share/p/1Ap2foh45G/;24.00;completed;;2026-03-25 06:11:19.25354+00;2026-03-25 06:20:30.491234+00;19943785;Completed
5c507ed0-921f-4a1e-af2f-27eb88c71d4d;fd90a447-b9e7-4dae-93a5-fd703284b833;2ad71475-3464-4177-9605-7b8c168db96e;200;https://www.facebook.com/share/p/19rnCksG1u/;24.00;completed;;2026-03-25 06:11:44.058163+00;2026-03-25 06:20:30.538806+00;19943787;Completed
3ad13c94-7f42-444c-9ca9-3f31ac3659e1;c09f69bf-dd4f-4d62-b464-63f357b47882;2ad71475-3464-4177-9605-7b8c168db96e;200;https://www.facebook.com/100089896763168/posts/825567750449776/?substory_index=749560744295566&app=fbl;24.00;cancelled;;2026-03-24 19:15:39.424893+00;2026-03-25 06:54:05.101602+00;;
494e1221-3d9a-47d9-9e75-225f31a59ace;c09f69bf-dd4f-4d62-b464-63f357b47882;cc09ac69-9d30-4fad-9644-b87420311c42;200;https://www.facebook.com/share/p/1DVbK1vaYC/;20.00;cancelled;;2026-03-26 06:09:21.116746+00;2026-03-26 13:30:23.420641+00;;
2b628b1b-27c1-446b-8b86-1cf7a1423222;c09f69bf-dd4f-4d62-b464-63f357b47882;cc09ac69-9d30-4fad-9644-b87420311c42;200;https://www.facebook.com/100089896763168/posts/825567750449776/?substory_index=749560744295566&app=fbl;20.00;cancelled;;2026-03-25 11:32:19.362931+00;2026-03-25 11:53:45.741818+00;;
c449dc6b-9c3a-430f-aad2-8cf7a0ee3a54;c09f69bf-dd4f-4d62-b464-63f357b47882;cc09ac69-9d30-4fad-9644-b87420311c42;300;https://www.facebook.com/share/p/1CMnapPgJM/;30.00;completed;;2026-03-25 12:01:09.666096+00;2026-03-25 13:04:11.40485+00;;
3748c0ea-2318-46fd-914b-ac9d6217be6d;c09f69bf-dd4f-4d62-b464-63f357b47882;cc09ac69-9d30-4fad-9644-b87420311c42;100;https://www.facebook.com/share/p/1DpwaygK5d/;10.00;completed;;2026-03-26 05:15:01.626774+00;2026-03-26 06:04:52.145526+00;;
07141a0e-b1af-4f49-a446-57badfaa1bce;c09f69bf-dd4f-4d62-b464-63f357b47882;cc09ac69-9d30-4fad-9644-b87420311c42;200;https://www.facebook.com/share/r/1LadDpTFZ4/;20.00;completed;;2026-03-26 13:42:37.306875+00;2026-03-28 07:34:51.925895+00;;
f8321408-4b71-4ad5-8451-987e13fa5185;c09f69bf-dd4f-4d62-b464-63f357b47882;cc09ac69-9d30-4fad-9644-b87420311c42;500;https://www.facebook.com/reel/847356028387806/?app=fbl;50.00;completed;;2026-03-27 18:50:45.193935+00;2026-03-28 07:34:53.711193+00;;
20f6d9f0-abca-47e5-b24c-ba1792fe9bc9;54b4cca0-7ed5-4566-bd29-c15e69c95de1;cc09ac69-9d30-4fad-9644-b87420311c42;200;https://www.facebook.com/61588650519630/posts/122106512013288350/?app=fbl;20.00;completed;;2026-03-27 21:48:43.459202+00;2026-03-28 07:34:55.654721+00;;
097d315e-581c-4cb8-8af6-9a1df653a62f;54b4cca0-7ed5-4566-bd29-c15e69c95de1;2ad71475-3464-4177-9605-7b8c168db96e;100;https://www.facebook.com/61588650519630/posts/122106512013288350/?app=fbl;12.00;completed;;2026-03-27 21:50:42.916015+00;2026-03-28 07:34:57.372433+00;;
9085e1e1-eafd-43a9-82af-6c771eafd55d;54b4cca0-7ed5-4566-bd29-c15e69c95de1;cc09ac69-9d30-4fad-9644-b87420311c42;100;https://www.facebook.com/61588650519630/posts/122106512013288350/?app=fbl;10.00;completed;;2026-03-27 21:51:11.183951+00;2026-03-28 07:34:59.000537+00;;
9d1966a8-c751-466d-981a-04fbde6fe63e;c09f69bf-dd4f-4d62-b464-63f357b47882;cc09ac69-9d30-4fad-9644-b87420311c42;100;https://www.facebook.com/61579497585943/posts/122104454336983252/?app=fbl;10.00;completed;;2026-03-28 22:14:49.493587+00;2026-03-29 06:30:43.859053+00;;
35e85139-c66c-464e-865d-1175d366e1f5;fd90a447-b9e7-4dae-93a5-fd703284b833;cc09ac69-9d30-4fad-9644-b87420311c42;200;https://www.facebook.com/share/v/1CQtqd8CPX/;20.00;completed;;2026-03-28 08:37:47.944382+00;2026-03-29 06:30:36.570855+00;19970319;Completed
9eb58d24-cfc4-4dce-9b59-1b57fbe23eaa;c09f69bf-dd4f-4d62-b464-63f357b47882;cc09ac69-9d30-4fad-9644-b87420311c42;100;https://www.facebook.com/61579497585943/posts/pfbid0Ju23M6TQXCCzTgJoqvHWPGGZosW3n9QVpmHogZ8pEJxQDjc77WyHWeYV4dHmr5WUl/;10.00;completed;;2026-03-28 22:28:59.71584+00;2026-03-29 06:30:46.567569+00;;
86f2e179-9392-421d-8f60-b64cd24ed97e;c09f69bf-dd4f-4d62-b464-63f357b47882;cc09ac69-9d30-4fad-9644-b87420311c42;100;https://www.facebook.com/100089896763168/posts/825567750449776/?substory_index=749560744295566&app=fbl;10.00;cancelled;;2026-03-28 22:31:50.539874+00;2026-03-29 06:30:49.428619+00;;
8094138c-5aa9-45ea-a526-b52ac2328db0;fd90a447-b9e7-4dae-93a5-fd703284b833;2ad71475-3464-4177-9605-7b8c168db96e;1000;https://www.facebook.com/share/v/1CQtqd8CPX/;120.00;completed;;2026-03-28 08:37:30.354385+00;2026-03-29 06:30:36.416053+00;19970318;Completed
5b57fbdf-e25d-4d4e-a6a0-c297beb39e8a;c09f69bf-dd4f-4d62-b464-63f357b47882;cc09ac69-9d30-4fad-9644-b87420311c42;300;https://www.facebook.com/61568895185866/posts/122162627426629839/?substory_index=1256728483097941&app=fbl;30.00;cancelled;;2026-03-29 14:33:44.103069+00;2026-03-29 15:48:52.221056+00;;
68a3902e-9b79-4101-bd66-9d36d86b4932;304728e3-187c-4ee4-ba7d-dd4620dbcd5f;cc09ac69-9d30-4fad-9644-b87420311c42;200;https://www.facebook.com/share/1AhG2U2nvn/?mibextid=wwXIfr;20.00;completed;;2026-03-29 08:38:20.56575+00;2026-03-29 15:48:55.80501+00;;
f5fe9b80-c6cb-4a6b-92af-a419a7f7ac2c;304728e3-187c-4ee4-ba7d-dd4620dbcd5f;2ad71475-3464-4177-9605-7b8c168db96e;200;https://www.facebook.com/share/1AhG2U2nvn/?mibextid=wwXIfr;24.00;completed;;2026-03-29 08:36:53.061851+00;2026-03-29 15:48:58.975237+00;;
324d8eec-a0d8-4cc7-a39d-bf5761ca77af;c09f69bf-dd4f-4d62-b464-63f357b47882;860df7d7-ab70-46bd-bd80-7661255d0b13;100;https://www.facebook.com/francisco.franco59.btchi;35.00;completed;;2026-03-29 15:53:51.070692+00;2026-04-03 06:02:32.887941+00;;
5a2e19dc-7ad6-4398-9100-0935d95a87f3;fd90a447-b9e7-4dae-93a5-fd703284b833;8ac7de71-5db8-45ae-8328-7c538a712e2d;300;https://www.instagram.com/p/DWlWbMiCHBx/?utm_source=ig_web_copy_link&igsh=NTc4MTIwNjQ2YQ==;43.50;completed;;2026-04-03 06:04:46.576059+00;2026-04-05 10:55:44.002107+00;20022404;Completed
dcec4aed-f0a1-4f8b-b1f2-30fb754396cb;5baba7a9-4a48-40b2-baad-cbeea8aa80dd;cc09ac69-9d30-4fad-9644-b87420311c42;100;https://www.facebook.com/share/18S9NdxEkV/;10.00;completed;;2026-04-04 18:20:59.890984+00;2026-04-05 10:57:36.12786+00;;
4000b665-ff88-4195-ade2-42c9f36f533d;c09f69bf-dd4f-4d62-b464-63f357b47882;cc09ac69-9d30-4fad-9644-b87420311c42;200;https://www.facebook.com/groups/174162965455519/permalink/919566444248497/?mibextid=rS40aB7S9Ucbxw6v;20.00;completed;;2026-04-05 10:29:39.816242+00;2026-04-06 06:53:38.010844+00;;
fa8ac8e1-fc98-4516-a5d4-f5d275ac322f;c09f69bf-dd4f-4d62-b464-63f357b47882;cc09ac69-9d30-4fad-9644-b87420311c42;300;https://www.facebook.com/100090880629563/posts/pfbid0kpX2maHhnJ6CeEP3tdV8xo5FK2Fb2sHQHXAupA5bSRzzbLdnM6pSqNzgCGyRq5Wql/;30.00;completed;;2026-04-05 18:09:12.713209+00;2026-04-06 06:53:41.512957+00;;
f97ba7a2-52a1-4516-8771-b30f0a60c7bc;54b4cca0-7ed5-4566-bd29-c15e69c95de1;cc09ac69-9d30-4fad-9644-b87420311c42;300;https://www.facebook.com/share/1CMQJeu4LS/;30.00;completed;;2026-04-18 20:12:21.411332+00;2026-04-20 14:01:26.328018+00;;
0b1782e0-abb9-445f-bd61-c02752e6cc2c;bb09a267-89f6-4ae1-a41c-ac79f1e27100;cc09ac69-9d30-4fad-9644-b87420311c42;200;https://www.facebook.com/share/p/18p4mJszk3/?mibextid=wwXIfr;20.00;completed;;2026-05-04 09:55:57.617925+00;2026-05-05 15:26:47.398498+00;;
d04dc89e-73c9-479f-9bda-4f15cc7d7a6d;bb09a267-89f6-4ae1-a41c-ac79f1e27100;2ad71475-3464-4177-9605-7b8c168db96e;100;https://www.facebook.com/share/p/18p4mJszk3/?mibextid=wwXIfr;12.00;completed;;2026-05-04 09:57:04.463517+00;2026-05-05 15:26:50.696019+00;;
4da8f987-d115-4f9d-9ef5-f410fc2dc67f;bb09a267-89f6-4ae1-a41c-ac79f1e27100;cc09ac69-9d30-4fad-9644-b87420311c42;100;https://www.facebook.com/share/r/18VaJrUBHA/?mibextid=wwXIfr;10.00;completed;;2026-05-04 09:59:16.024844+00;2026-05-05 15:26:53.214905+00;;
6ac71bf5-1804-46cd-839f-c8f36db9a20b;fd90a447-b9e7-4dae-93a5-fd703284b833;2ad71475-3464-4177-9605-7b8c168db96e;200;https://www.facebook.com/share/p/1DJkkrPdCw/;24.00;completed;;2026-05-02 07:20:07.349607+00;2026-05-02 14:02:10.708867+00;20279332;Completed
4a9f4df3-726a-4082-8520-4b755b5f5dcc;c09f69bf-dd4f-4d62-b464-63f357b47882;cc09ac69-9d30-4fad-9644-b87420311c42;300;https://www.facebook.com/100090880629563/posts/923580547347958/?app=fbl;30.00;completed;;2026-05-03 16:27:49.907849+00;2026-05-04 05:10:21.268869+00;;
f009eb3b-8912-46c5-9933-78167a1ca34b;bb09a267-89f6-4ae1-a41c-ac79f1e27100;cc09ac69-9d30-4fad-9644-b87420311c42;100;https://www.facebook.com/share/r/18VaJrUBHA/?mibextid=wwXIfr;10.00;completed;;2026-05-04 09:59:45.159163+00;2026-05-05 15:26:55.459163+00;;
a5194733-ef72-4f61-a6e2-1ec3ccf675a3;faaa02dc-6e64-4793-aa86-40c9be44d4de;97d20b63-84cd-4686-8bc1-d4f6b4a96c9a;100;https://www.instagram.com/frank__magaia?igsh=NXl1YTFvOXNnMWVn;35.00;completed;;2026-05-04 23:34:48.609767+00;2026-05-05 15:26:57.286938+00;;
021eeab3-0f11-42d4-b9a5-adb7997c136c;54b4cca0-7ed5-4566-bd29-c15e69c95de1;cc09ac69-9d30-4fad-9644-b87420311c42;100;https://www.facebook.com/100039181350599/posts/1665220241460672/?app=fbl;10.00;cancelled;;2026-05-03 19:54:31.050136+00;2026-05-04 05:12:19.211114+00;;
9e1dcab4-4c48-43b5-8dbb-aa10ad1730b2;c09f69bf-dd4f-4d62-b464-63f357b47882;2ad71475-3464-4177-9605-7b8c168db96e;200;https://www.facebook.com/100090880629563/posts/923602037345809/?substory_index=1655786138958913&app=fbl;24.00;cancelled;;2026-05-03 16:58:50.538946+00;2026-05-04 05:12:22.494504+00;;
19432f49-c602-4357-b2c5-2ec82c2fc376;c09f69bf-dd4f-4d62-b464-63f357b47882;cc09ac69-9d30-4fad-9644-b87420311c42;200;https://www.facebook.com/100090880629563/posts/924831230556223/?app=fbl;20.00;completed;;2026-05-05 06:34:58.391007+00;2026-05-05 15:26:59.537052+00;;
9239e60b-8eeb-4ecf-8a8f-19bed00839a9;54b4cca0-7ed5-4566-bd29-c15e69c95de1;cc09ac69-9d30-4fad-9644-b87420311c42;200;https://www.facebook.com/share/1Gu8zbuTvU/;20.00;cancelled;;2026-05-15 15:29:46.620348+00;2026-06-20 05:35:32.006547+00;;
95e871b1-2631-4abf-9f4e-aade4f69c8b5;d5961a46-00b9-4e50-9b11-a95906468e05;8ac7de71-5db8-45ae-8328-7c538a712e2d;1000;https://www.facebook.com/61585229354623/posts/pfbid031LmHCSQo36jKJdUMFZKEe9TRGjUmFXckaq4qyX4KouyqXCGY5zTLBxeunHgx3T4fl/;145.00;cancelled;;2026-05-07 21:06:06.563861+00;2026-06-20 05:35:36.605368+00;;
5ea36775-b674-4fb0-bda9-f903f7108bb6;54b4cca0-7ed5-4566-bd29-c15e69c95de1;2ad71475-3464-4177-9605-7b8c168db96e;100;https://www.facebook.com/61586760792276/posts/122122890399225359/?app=fbl;12.00;cancelled;;2026-05-15 20:11:44.181307+00;2026-06-20 05:35:40.201669+00;;
9d41f8d7-0047-4eec-887f-c4b6a0f38c55;54b4cca0-7ed5-4566-bd29-c15e69c95de1;cc09ac69-9d30-4fad-9644-b87420311c42;200;https://www.facebook.com/61586760792276/posts/122122890399225359/?app=fbl;20.00;cancelled;;2026-05-15 20:10:56.376829+00;2026-06-20 05:35:44.224253+00;;
83175476-6f87-4f18-9f27-afa771d7ef1e;54b4cca0-7ed5-4566-bd29-c15e69c95de1;2ad71475-3464-4177-9605-7b8c168db96e;100;https://www.facebook.com/share/1Gu8zbuTvU/;12.00;cancelled;;2026-05-15 15:30:28.380866+00;2026-06-20 05:35:49.175236+00;;
c47a98ae-421b-42f1-9745-0bf4c49804db;54b4cca0-7ed5-4566-bd29-c15e69c95de1;cc09ac69-9d30-4fad-9644-b87420311c42;200;https://www.facebook.com/share/14WLXX4o22f/;20.00;cancelled;;2026-05-24 20:59:19.618099+00;2026-06-20 05:35:54.447076+00;;
65f85404-dcf9-4281-975f-dac8edbd438d;54b4cca0-7ed5-4566-bd29-c15e69c95de1;2ad71475-3464-4177-9605-7b8c168db96e;100;https://www.facebook.com/61588472530996/posts/122113534389282417/?app=fbl;12.00;cancelled;;2026-05-15 20:14:15.462944+00;2026-06-20 05:35:58.117888+00;;
514f564b-7d99-42b4-b294-b5bab8c27876;54b4cca0-7ed5-4566-bd29-c15e69c95de1;cc09ac69-9d30-4fad-9644-b87420311c42;200;https://www.facebook.com/61588472530996/posts/122113534389282417/?app=fbl;20.00;cancelled;;2026-05-15 20:13:52.693189+00;2026-06-20 05:36:01.051169+00;;
666f0772-4f43-40be-b3e2-0a95d53dedf3;34f71ad7-3e88-4eb3-8e28-dfa4f7db4a17;2ad71475-3464-4177-9605-7b8c168db96e;100;https://www.facebook.com/100083925078550/posts/902116065929221/?app=fbl;12.00;cancelled;;2026-05-30 13:38:57.589135+00;2026-06-20 05:36:06.596727+00;;
c409dbdc-3270-4252-963f-ad4a09086f72;34f71ad7-3e88-4eb3-8e28-dfa4f7db4a17;cc09ac69-9d30-4fad-9644-b87420311c42;100;https://www.facebook.com/100083925078550/posts/902116065929221/?app=fbl;10.00;cancelled;;2026-05-30 13:38:31.607364+00;2026-06-20 05:36:09.667006+00;;
988ec5e6-0d88-40c7-86a4-b18387b89c68;54b4cca0-7ed5-4566-bd29-c15e69c95de1;cc09ac69-9d30-4fad-9644-b87420311c42;200;https://www.facebook.com/share/p/18iJ1M3wy8/;20.00;cancelled;;2026-05-24 21:02:23.709779+00;2026-06-20 05:36:12.644717+00;;
5651da13-132e-496f-a719-e4036b0c3caa;54b4cca0-7ed5-4566-bd29-c15e69c95de1;2ad71475-3464-4177-9605-7b8c168db96e;100;https://www.facebook.com/share/14WLXX4o22f/;12.00;cancelled;;2026-05-24 20:59:58.069199+00;2026-06-20 05:36:15.867197+00;;
f3a3f7da-df7f-41c3-977e-1de0a3503859;34f71ad7-3e88-4eb3-8e28-dfa4f7db4a17;cc09ac69-9d30-4fad-9644-b87420311c42;200;https://www.facebook.com/100083925078550/posts/984309541043206/?app=fbl;20.00;cancelled;;2026-06-02 11:00:57.404903+00;2026-06-20 05:36:19.747983+00;;
c5c19c5f-3620-48d1-9c51-c3e189c57738;c09f69bf-dd4f-4d62-b464-63f357b47882;cc09ac69-9d30-4fad-9644-b87420311c42;200;https://www.facebook.com/share/p/1J5bL6asxk/;20.00;completed;;2026-06-19 05:36:08.978026+00;2026-06-21 11:46:48.394348+00;;
ab67f115-0143-43c8-b896-aa17dbd94018;eaf10f72-92cc-4b8e-8ca9-e748d2a78b13;2ad71475-3464-4177-9605-7b8c168db96e;100;https://www.facebook.com/100094064002351/posts/pfbid0hco5Zuwzd73CS4y8SUTbGU934GrFrMiBde2FdGL5XpiDhnvagVXauTdyq3bUqfH6l/;12.00;pending;;2026-06-20 18:22:47.782742+00;2026-06-20 18:22:47.782742+00;;
164bdc81-c16d-4c6e-b81c-63da2c0f65ff;eaf10f72-92cc-4b8e-8ca9-e748d2a78b13;2ad71475-3464-4177-9605-7b8c168db96e;100;https://www.facebook.com/100094064002351/posts/pfbid0NqRa6JU68sd32BBuALRdEF8VSFjVpVpYPK8UKSyKtCcA67Sj1Aj16vAWZ7Eb6fysl/;12.00;pending;;2026-06-20 18:39:20.21553+00;2026-06-20 18:39:20.21553+00;;
7c7a6c92-2963-4549-8a9e-34aad6ea4692;eaf10f72-92cc-4b8e-8ca9-e748d2a78b13;2ad71475-3464-4177-9605-7b8c168db96e;100;https://www.facebook.com/100094064002351/posts/pfbid0TT6fM3Kha6qN9rDJu8497sk57GKiNresrvYjpB9sKJtLSCgimMb197P5GwveKMh6l/;12.00;pending;;2026-06-20 18:51:34.635017+00;2026-06-20 18:51:34.635017+00;;
885bf629-e3e9-47cb-9754-a4835c9c541a;d1c2795b-80ce-449c-9c07-b68ba9feac9d;cc09ac69-9d30-4fad-9644-b87420311c42;100;https://www.facebook.com/61553201796222/posts/pfbid035DyonJdgEUhxZWgGbYCu2LLeysVJqTfKLkYrW4CiVpHb4FSmEkS6vDfv3HzsA9H1l/;10.00;pending;;2026-06-20 19:43:28.30373+00;2026-06-20 19:43:28.30373+00;;
bc395fbc-ddd0-4702-af97-b284ad80ab4a;d1c2795b-80ce-449c-9c07-b68ba9feac9d;2ad71475-3464-4177-9605-7b8c168db96e;100;https://www.facebook.com/61553201796222/posts/pfbid035DyonJdgEUhxZWgGbYCu2LLeysVJqTfKLkYrW4CiVpHb4FSmEkS6vDfv3HzsA9H1l/;12.00;pending;;2026-06-20 20:10:46.766225+00;2026-06-20 20:10:46.766225+00;;
34fa9b9d-ff4e-461b-ace4-ad21ee89e52e;d1c2795b-80ce-449c-9c07-b68ba9feac9d;2ad71475-3464-4177-9605-7b8c168db96e;100;https://www.facebook.com/61553201796222/posts/pfbid035DyonJdgEUhxZWgGbYCu2LLeysVJqTfKLkYrW4CiVpHb4FSmEkS6vDfv3HzsA9H1l/;12.00;pending;;2026-06-20 20:13:12.220356+00;2026-06-20 20:13:12.220356+00;;
2d48e954-69e2-4ee9-a15c-f0b7c035d22b;d1c2795b-80ce-449c-9c07-b68ba9feac9d;2ad71475-3464-4177-9605-7b8c168db96e;100;https://www.facebook.com/61553201796222/posts/122233089044106726/?app=fbl;12.00;pending;;2026-06-20 20:14:53.510577+00;2026-06-20 20:14:53.510577+00;;
99480d10-6355-4d1b-9b95-a197720df7e1;c09f69bf-dd4f-4d62-b464-63f357b47882;cc09ac69-9d30-4fad-9644-b87420311c42;300;https://www.facebook.com/share/p/1J4YSu33w3/;30.00;completed;;2026-06-20 05:39:57.402309+00;2026-06-21 11:46:45.741062+00;;
7bceae1a-48ee-482f-a174-24552d817ba3;eaf10f72-92cc-4b8e-8ca9-e748d2a78b13;2ad71475-3464-4177-9605-7b8c168db96e;100;https://www.facebook.com/100094064002351/posts/pfbid02M7Ho5CNYnGW5UYctN8DErPahsobWQWZgqPbXTsdZfpsqFe7UpPPzapdmgRyVcVul/;12.00;pending;;2026-06-21 12:14:55.508236+00;2026-06-21 12:14:55.508236+00;;