id;platform;name;description;price_per_1000;min_quantity;max_quantity;daily_limit;estimated_time;is_active;created_at;updated_at;provider_service_id;provider_price
cf5c2458-d036-464b-89a7-277dd209191c;instagram;Alcance + Impressões + Visitas no Perfil;Aumente o alcance e impressões;170.00;100;100000;200000;1-24h;true;2026-01-04 09:37:15.528164+00;2026-01-04 09:37:15.528164+00;;
18cdce03-0fc1-4e50-897f-443bca81474e;facebook;👍Curtidas de Alta Qualidade no Reels e Fotos Barato | Reposição |👍;Categoria com os Serviços + Rápidos e Vendidos no Site | PARA AGILIZAR |✅ - Default;0.72;30;100000;200000;1-24h;false;2026-03-12 16:34:08.43616+00;2026-03-12 16:34:41.884281+00;589;0.72
a17b80cd-de3a-4b7b-8f72-3c10f3edfec2;facebook;👍Curtidas no Reels ou Foto POUCA QUEDA | Sempre Atualizada + Rápido👍;🅾▶️Os Melhores Serviços para Revenda ou uso Própio| TOP |‎♪ⓕ - Default;0.79;30;100000;200000;1-24h;false;2026-03-12 16:34:08.43616+00;2026-03-12 16:34:42.673111+00;948;0.79
1d1ed2d3-6a40-4e59-8055-5cf7e752432d;instagram;🔥Alcançe + Impressões + Visitas no perfil Instagram🔥;🅾▶️Os Melhores Serviços para Revenda ou uso Própio| TOP |‎♪ⓕ - Default;60.00;30;100000;200000;1-24h;true;2026-03-13 10:43:11.014216+00;2026-03-13 10:43:49.614803+00;792;0.75
38282be2-8e86-4b58-892f-333248fcf416;twitter;Seguidores;Seguidores activos no Twitter/X;480.00;100;100000;200000;1-24h;true;2026-01-04 09:37:15.528164+00;2026-03-13 10:44:41.794624+00;69;7.44
153c54f9-07ff-4ad9-ab94-ca41def938ac;instagram;✅Instagram | Salves | Rápido ✅;Categoria com os Serviços + Rápidos e Vendidos no Site | PARA AGILIZAR |✅ - Default;0.34;100;50000;200000;1-24h;false;2026-03-12 16:34:08.43616+00;2026-03-12 16:34:49.141695+00;754;0.34
326bba5d-4027-4df4-9587-6617a1204d9b;twitter;Visualizações em Vídeos;Visualizações nos vídeos;120.00;100;100000;200000;1-6h;true;2026-01-04 09:37:15.528164+00;2026-03-13 10:45:12.578462+00;723;0.08
ad4cfe41-17ce-47f1-a61d-717783a8adf8;twitter;Retweets;Retweets nos seus posts;250.00;100;100000;200000;1-24h;true;2026-01-04 09:37:15.528164+00;2026-03-13 10:45:35.446078+00;300;
2bc74e47-56da-484a-bcac-d8ca2d9d6b33;twitter;Curtidas;Curtidas nos tweets;250.00;100;100000;200000;1-12h;true;2026-01-04 09:37:15.528164+00;2026-03-13 10:46:07.626655+00;1165;9.52
2ff26470-af2d-42ca-a6a8-7f18d7cc344c;youtube;Visualizações;Visualizações nos vídeos (máx 10k/dia);250.00;100;100000;200000;1-24h;true;2026-01-04 09:37:15.528164+00;2026-03-13 10:46:40.04457+00;163;
860df7d7-ab70-46bd-bd80-7661255d0b13;facebook;Seguidores para Páginas;Seguidores reais para a sua página;350.00;100;100000;200000;1-24h;true;2026-01-04 09:37:15.528164+00;2026-03-13 10:33:44.866198+00;1133;
2ad71475-3464-4177-9605-7b8c168db96e;facebook;Reação Amei;Reações de amor nas publicações;120.00;100;100000;200000;1-12h;true;2026-01-04 09:37:15.528164+00;2026-03-13 10:33:45.957228+00;1135;
cc09ac69-9d30-4fad-9644-b87420311c42;facebook;Curtidas;Curtidas para as suas publicações;100.00;100;100000;200000;1-12h;true;2026-01-04 09:37:15.528164+00;2026-03-13 10:33:47.134168+00;1134;
8ac7de71-5db8-45ae-8328-7c538a712e2d;instagram;Curtidas;Curtidas para o seu conteúdo;145.00;100;100000;200000;1-12h;true;2026-01-04 09:37:15.528164+00;2026-03-13 10:34:13.129319+00;1171;
539fb05c-dd60-4d64-b0f7-614dbcef498d;instagram;Respostagem;Respostagens do seu conteúdo;200.00;100;100000;200000;1-24h;true;2026-01-04 09:37:15.528164+00;2026-03-13 10:34:30.614136+00;1117;
97d20b63-84cd-4686-8bc1-d4f6b4a96c9a;instagram;Seguidores;;350.00;100;100000;200000;1-24h;true;2026-03-09 12:43:11.039118+00;2026-03-13 10:34:54.49827+00;1178;
6b2c2561-c65e-4b2b-980f-58368cfde1d8;tiktok;Curtidas;Curtidas nos seus vídeos;130.00;100;100000;200000;1-12h;true;2026-01-04 09:37:15.528164+00;2026-03-13 10:35:16.794062+00;1131;
dea66c1e-2754-4e74-a301-568baf00e5eb;tiktok;Seguidores;Seguidores activos no TikTok;370.00;100;100000;200000;1-24h;true;2026-01-04 09:37:15.528164+00;2026-03-13 10:35:38.182373+00;995;
a5ada879-87ca-4349-bf0d-bafddc8c1ede;tiktok;Visualizações;Visualizações nos seus vídeos;100.00;100;100000;200000;1-6h;true;2026-01-04 09:37:15.528164+00;2026-03-13 10:35:46.904566+00;1132;
c3930da6-e12e-47f9-b8fc-01d23e8bdf03;tiktok;✅ Curtidas do TikTok | 100% BR | RÁPIDO |✅;Categoria com os Serviços + Rápidos e Vendidos no Site | PARA AGILIZAR |✅ - Default;130.00;10;1000000;200000;1-24h;true;2026-03-12 16:34:08.43616+00;2026-03-13 10:47:47.824975+00;879;0.98
46b46b5a-72dc-47c4-9c1a-056f3d7e0a42;tiktok;5️⃣ TIKTOK | Curtidas | Barato |⛔;Categoria com os Serviços + Rápidos e Vendidos no Site | TOP |✅ - Default;130.00;10;100000;200000;1-24h;true;2026-03-12 16:34:08.43616+00;2026-03-13 17:53:46.131778+00;472;0.83
042fddbb-f7cb-4f82-a9ad-1e0bc47319a9;facebook;🎥Visualizações no Reels | SEM QUEDA | RÁPIDO🎥;🅾▶️Os Melhores Serviços para Revenda ou uso Própio| TOP |‎♪ⓕ - Default;50.00;100;100000000;200000;1-24h;false;2026-03-12 16:34:08.43616+00;2026-03-14 20:18:54.296638+00;641;0.11