id;user_id;role;created_at
a8d38a69-3168-4e88-95ec-77eadcc97c30;fd90a447-b9e7-4dae-93a5-fd703284b833;user;2026-01-04 09:51:03.188992+00
74aa5dfb-8df9-4473-87a6-1246a48349b9;fd90a447-b9e7-4dae-93a5-fd703284b833;admin;2026-01-04 09:52:40.17672+00
c770c8df-d289-4a71-bd51-6fc01358c3f1;336961d8-918f-40e1-a14e-b6acc67f1971;user;2026-01-04 09:55:08.793784+00
45e6b901-29ef-48ce-ac61-95e4aeaa3818;883f7eb2-ca52-4b9c-a8b7-856d3b298506;user;2026-01-09 20:57:05.987155+00
42cff750-32da-4304-b8ea-b1f54255c830;977308ae-34f6-4c7c-95ba-e004ea484962;user;2026-02-10 10:15:28.114014+00
9b74a18d-648e-41e4-ac41-0f867ce1bbca;003632aa-043b-4382-ad5c-07ff0a903197;user;2026-02-12 09:54:28.595241+00
74da1eb6-3bcb-4e36-84e6-703f882abbf2;06e7cb6a-7664-403d-9cf6-f87d7a80eb66;user;2026-02-12 10:20:32.029594+00
bf6b9254-b6b4-4dbb-b04d-6b619a8ce35e;eb20c310-7a70-4290-ad26-9133dad8837d;user;2026-02-13 20:02:57.021426+00
3c958827-ee1b-46ec-8273-ce66d3790cff;d443c3cf-5358-4b1e-b6eb-e32864d129f9;user;2026-02-13 21:20:46.93955+00
e2602381-ef27-45e0-b425-077e3d3eff65;bf319da2-9398-49d7-947f-1b3c33dff140;user;2026-02-13 23:15:57.402314+00
f63faad7-c76f-4632-ac27-92ab0c5c5723;33e6731f-c1a8-4f59-a758-ebbd05e6909a;user;2026-02-14 02:04:41.063324+00
b16ba271-2121-44fd-8c1b-fc3994cdc643;cd46dc7c-ee11-4748-8763-4ab560e83441;user;2026-02-14 05:01:13.704349+00
307c99d7-f3f9-4f8d-8698-ce6fc294ee43;8bd562b3-52c7-4c3b-acc0-6676d3a6dc2c;user;2026-02-14 05:17:46.501936+00
58eebbf8-42b3-47b7-a7b4-6d0710617439;effa7495-6033-4f74-a3a1-bb1be6b46e5a;user;2026-02-14 09:30:07.146215+00
5ae99a48-2614-48db-b77c-6da0fb4d631f;42eca75b-8c23-4c6f-85e2-737962160d5c;user;2026-02-14 15:32:28.998409+00
50544edc-c3bc-4a1d-95bb-0c31064dbc7a;e740881a-9083-4525-8b4e-e7a64e4015b5;user;2026-02-14 17:23:42.110613+00
9269a733-f470-46e9-bab6-e345576cda54;30264a29-8a28-4523-a84a-38af52cc2e3a;user;2026-02-14 17:40:57.34949+00
419d3dfd-dc56-4b69-991f-2e89969ed6a2;e5da6415-fb68-4267-b3aa-0bd54f2e0d77;user;2026-02-14 18:22:53.549987+00
e66984ab-25d6-4433-b7e9-482cb12c59a4;d388e1c7-a67d-42cf-9227-30de68747358;user;2026-02-14 18:35:20.430946+00
b063fb06-b77f-4612-81e5-cf19cc21a6db;71b3836a-f7de-4ecb-9897-ab2259e31de2;user;2026-02-14 18:38:42.309518+00
ca4db7d1-23c2-44c7-a5ef-5d3654fc21b1;b24ba176-589c-487e-b210-b99b7fb86121;user;2026-02-14 19:06:33.11417+00
b341f83a-a119-4a32-9547-306fe33784fa;679ecc4d-c8bc-41fa-b676-f8170d5adfbc;user;2026-02-14 19:08:12.763879+00
6d7285b3-3f3f-4719-b813-47d011ce36c2;18a884b3-ce10-4a4a-a121-db3637a30d32;user;2026-02-14 20:02:39.278009+00
10089255-4e86-44af-9b04-98b66867eaa4;43da60bb-b4e9-4c83-8ce7-d9f9ddb600bb;user;2026-02-14 20:32:02.298555+00
94aad2b2-7314-4a14-9753-57b72509660c;2d9b0c37-3f0e-4eb9-bb26-7af9018f22d0;user;2026-02-14 21:53:32.164872+00
b31a166d-c8dc-4d4f-971a-68fdf5cad6f9;a973f5a6-e46b-4967-bfe9-521530e7c368;user;2026-02-14 22:13:13.789746+00
991ad4a4-85c5-4cce-92a5-764d03fd1292;7e7b3a5b-22bd-4a0b-b70e-cac201549078;user;2026-02-14 23:13:50.354469+00
01d0d3b6-f1b2-4bae-9221-8bbc42e64c05;5746d21a-2529-4db1-835c-bcf8059295b5;user;2026-02-15 06:52:36.438745+00
cb92ccf8-6979-41cf-9d97-a9d165933d9a;a94425bf-8d0e-4c21-b80e-63903b91ba98;user;2026-02-15 08:43:44.378585+00
60b5f722-4a1f-4e8c-b94e-341702292f68;0e60e640-872e-45f8-9ef2-48624136a3ad;user;2026-02-15 08:54:43.150573+00
4d3df8a1-1f48-496e-b8ec-05d9c80eade0;55c2b2d9-64d8-4a7d-9dd4-e0d1c85b5460;user;2026-02-15 08:59:12.982128+00
085ab2f1-75a4-47c5-bf4e-babc5b66f541;882dc579-a21b-4de8-b81c-50f98a2c6f96;user;2026-02-15 09:50:17.934873+00
feda1a18-d44d-486b-9ddb-731fa93cd278;c09f69bf-dd4f-4d62-b464-63f357b47882;user;2026-02-15 10:08:41.298539+00
9369d987-45ae-4324-a8b5-9f47c2888223;f5cf6059-3db7-4ba8-bb33-b1eb258ca375;user;2026-02-15 10:09:36.191374+00
a2f0071b-eb59-4463-8aab-ab1336d4b523;9b3a894f-3425-4342-8b68-35608162b56b;user;2026-02-15 10:10:16.215775+00
bbddfc9e-e027-43a3-baae-e5ad8d0354dc;f395d28e-1161-4df7-81a5-eda3e2502f63;user;2026-02-15 10:44:21.315552+00
9ec090c3-44f1-4706-a351-acf710c9640c;c5f086d2-8cc7-4d56-a1ac-3e812f62593e;user;2026-02-15 11:15:05.803683+00
96f25d71-798d-4c7b-83e9-1c2437d30c6d;2f7d4d35-70d3-4aba-8759-c8cf87563df0;user;2026-02-15 11:53:20.933506+00
984a1428-6635-4d46-9b47-d258d64e54d7;be0d55ed-591a-4367-bcbb-6ae329a28985;user;2026-02-15 11:54:05.434131+00
d762ce7d-7d9b-414a-b35d-bae61c6dfda0;08429734-afe5-450d-b47a-a91a0b7549e3;user;2026-02-15 12:03:29.255719+00
684dbc32-a604-4b12-aab1-607feb04d686;be041823-cebe-47e6-9018-da8cd066ac52;user;2026-02-15 12:08:24.701406+00
c2df0a74-82ff-42ac-9e39-42c8ec6f8a71;263a9fd8-9a91-4749-82e7-60d74f187b91;user;2026-02-15 12:14:17.593803+00
ffaa9300-5096-4dec-ba7f-e9cd6b46b1c3;51d864f8-a92e-47e7-bd82-901020f6760e;user;2026-02-15 12:41:46.910865+00
79756b35-b6b8-490c-b213-d453bc3bf45f;f8098c85-3664-4f47-8d60-123f03daef85;user;2026-02-15 12:48:03.529001+00
e0052654-bfac-44d9-9eb4-996888558847;825ea7a9-f40f-4c1b-a340-ea91f76899c8;user;2026-02-15 13:11:10.228138+00
4adb60ec-9e59-4163-a5a2-5c796e2fe89e;70d5cc61-11d4-4f98-ab7e-94a9f4b88f14;user;2026-02-15 13:12:06.990092+00
c6d904e3-b912-4f4f-bc3e-7ecf940ac197;cdcc666b-9e82-40fc-8860-f3bdecfa59d1;user;2026-02-15 13:20:27.172597+00
4dc49d74-9f99-4224-b537-b258fb4906e8;d783e439-d242-4157-b639-58f9873845cc;user;2026-02-15 13:25:16.916598+00
48008b02-3b25-4f4a-80ef-cf77b0bfee20;a4cd3ee8-4754-4106-9fb2-6524efca24db;user;2026-02-15 13:40:07.368357+00
99638d90-c60e-454b-aba4-513b7019bb38;58d03a69-ed53-48c4-ad88-167f1f91776b;user;2026-02-15 13:50:33.450152+00
eea1e805-7cb9-4566-a53c-523359226abc;37abf48f-c2b5-4d35-a527-560e7dda2eb7;user;2026-02-15 13:52:11.831387+00
318580d8-cb49-47a2-b28d-70aab37ee6ed;44eebd51-1dbe-4d58-a9e1-7e32248e8d69;user;2026-02-15 14:24:40.153411+00
da61d3b4-de69-4e47-bfab-bc93b8e8ebe8;f4e6a9b0-6dc8-4dab-af16-25d182f0e6b5;user;2026-02-15 14:32:37.187238+00
3e389fdc-51a8-4e0a-94c6-778c239a4baa;6ae24fc9-7183-4fee-9542-8e8bde7301f1;user;2026-02-15 14:44:51.437312+00
baf8504c-1b70-46d9-8769-485062c712bc;e7cf24ac-cb3d-4806-850d-628b8545d4c4;user;2026-02-15 14:56:57.854342+00
e3614986-ac2f-40c5-ae17-94fb1e8e64b5;49b8f754-6deb-4355-a47d-ad3aca823465;user;2026-02-15 15:54:07.481139+00
efab448e-e3f9-4c5f-bd81-b3f8758261f3;8fa03fef-2028-4946-aee7-3085d8cec59e;user;2026-02-15 17:12:36.551385+00
76e2639d-68b8-43e8-892a-a78f31f18699;bf2ef3dd-11b5-4d6c-8a75-fedd94661e16;user;2026-02-15 17:41:00.881276+00
9ef98dd3-348e-4ae8-82b0-0c10a3d1162a;50c44a24-b456-47e4-9a8b-765a7cf00789;user;2026-02-15 17:45:01.100056+00
462b51aa-208b-43db-ad9d-9761122bd3d7;56841124-5345-48c1-b668-5baa18a019b0;user;2026-02-15 17:58:10.940637+00
a8a7e349-c0bb-4337-85ee-36a0ecce3280;55d1dc00-efb4-4f50-823a-7c3bb4a7629a;user;2026-02-15 18:35:00.80929+00
274c2964-c735-4252-8098-310500e1a1c8;b145088c-4fe9-4a71-bded-3a673866f076;user;2026-02-15 18:40:35.807124+00
34146a72-5bdd-416f-97d1-587febc98745;1c29ea23-cf82-4fd5-ab3d-aaa47bbdc4f4;user;2026-02-15 18:45:54.541241+00
ba41b54d-c55e-4afa-86c8-d12fae2661b8;1d26c319-cf7f-4637-9077-5278ffa34d18;user;2026-02-15 18:46:27.623165+00
9307c0db-70c0-43d2-af4d-a46139b06bc9;7999820b-4905-4b42-9575-64d34b8a76f6;user;2026-02-15 18:49:15.539574+00
ad2ae466-14f4-4303-80d4-398b153beaf2;c2376194-0e37-4f0a-84ee-fac0597bddad;user;2026-02-15 18:56:45.689953+00
091b2fc9-b466-4096-ba42-a20f3b10114f;f2664066-fdfd-4f1b-bf44-832a78f05b9c;user;2026-02-15 19:02:59.973543+00
b8ae87d7-771c-4dfe-83a6-0b2abf0d27d5;0d515bc4-135f-46d6-8e33-8ff20daabc10;user;2026-02-15 19:33:27.934514+00
156ef0fc-7e17-4baa-968f-6be5aae21e8d;43856618-1080-47a3-ba07-03f75fbe8c1b;user;2026-02-15 20:01:52.426065+00
0acde1a2-d98e-485c-9780-8c9701299ba0;3fe8e538-6444-40ff-9715-6cd319334338;user;2026-02-15 20:09:27.007461+00
30ddedb8-3a3a-4f9d-bf20-36121f5843ad;d0fc1dd3-408b-4a78-9139-a13b70d9006a;user;2026-02-15 20:13:06.706126+00
85433cfe-c0dc-4123-9e51-95a3e169ef14;c117b6a6-5844-4324-ab30-d3712617e20b;user;2026-02-15 21:24:58.91675+00
3b9a8e37-bfcb-4479-a445-bc8942349bc0;56c5c748-1271-450c-af41-e3594625251b;user;2026-02-15 22:22:34.651332+00
31a68a26-dbaf-4edf-81a7-6b1dbd4c5945;3b5f72d8-181c-4c5c-ba73-c0821770b32a;user;2026-02-15 23:12:47.966872+00
36978051-6dbe-4a0d-8dc7-37e91fd75835;3c89974c-e8a6-47f5-9425-37659dc464bb;user;2026-02-15 23:18:34.111546+00
807a9f89-c3f0-407c-a768-9c72ecbf0318;954b6095-2ef1-45d7-958d-28a3710b3a22;user;2026-02-16 00:04:03.166498+00
ef6fae5b-0170-423b-894c-8b8ee2870f92;a65f96ae-1f04-4dcd-8797-654b9717a62e;user;2026-02-16 01:09:55.041783+00
ce598413-2af6-47f5-9208-9613afe3d81c;4985c719-9633-4dc4-bf86-d7cb194c25a8;user;2026-02-16 06:17:40.094249+00
e248806d-baf2-43d0-98cf-2ba8b4fb686c;d19932df-f817-4c11-8a98-e4a96781c0ce;user;2026-02-16 06:36:32.920122+00
624fa106-4a6a-43f0-9b6d-dee623994121;4308347f-a1af-4a74-b022-7ee5647ab5c0;user;2026-02-16 06:45:19.716267+00
cda1a60b-c267-49d4-ad19-3352610a456c;93c747a8-6efb-482d-813a-a2f9d37d2ee4;user;2026-02-16 07:07:50.73326+00
51c666c0-6d51-4a67-af3c-d7d9239d5183;87bb10f2-33c0-4a58-beac-08b18880f668;user;2026-02-16 07:20:22.754267+00
157b2927-34d5-4395-8da5-597fd9960b8f;8261aa02-aed8-4c42-996d-cfbdfd9ed34a;user;2026-02-16 07:21:24.83957+00
e609aa9a-559c-43ab-a53e-ead53b86cca4;bb09a267-89f6-4ae1-a41c-ac79f1e27100;user;2026-02-16 07:44:31.505659+00
83af96d1-c3d8-4b15-a0d4-20fb49516b60;26821760-c4b0-421d-9895-3ab7d2fafe13;user;2026-02-16 07:55:41.72864+00
dd493437-62bc-4747-8dd8-4124c6645fdd;d14fa2aa-fac9-4935-8200-a51a724ae755;user;2026-02-16 08:00:20.334449+00
2d5531cc-2d68-4e73-82f1-7363d6b513a6;6b1a9a14-1e87-47a8-93ee-0eca95ceda76;user;2026-02-16 08:16:22.614543+00
597fc8be-8b34-46cd-a544-600f8da2140b;39930141-cac4-4962-a71a-c1221840ef60;user;2026-02-16 08:38:17.083872+00
c7c1ed23-1ed4-4c70-949e-4ab46c4e72ed;4071bad3-6bc8-479d-a30d-8444da469877;user;2026-02-16 08:38:56.666459+00
a69e42e2-2c85-4d39-bdad-db5b0f891c34;712d7b5e-599e-46da-a1a8-6a1100f85939;user;2026-02-16 09:00:08.678566+00
9b2d8d3c-ae4c-4b36-8ea9-5afea4310ced;15289c0f-50b8-4c3c-80ca-539b1a1a233e;user;2026-02-16 10:11:04.0761+00
44d5fede-d331-4ab9-a58e-9ece1a03162f;b3ccfcb3-1269-46b9-b42d-1bba7721c64a;user;2026-02-16 10:33:48.741208+00
2769388a-0a38-4bf9-893b-0b11ff48cbeb;2b5d25f0-9a06-436c-89f9-2e8d6f9d3b6b;user;2026-02-16 10:54:19.674801+00
88eb531b-b210-48bd-8db5-7f0799df3ea2;f1eb64cb-e6bf-415f-a1db-9cec57260c87;user;2026-02-16 12:31:41.811479+00
fd8c8779-1a6f-410e-8ea6-5efddae2a1cb;54561e12-7792-4491-90a5-766f93923916;user;2026-02-16 12:43:04.114681+00
9643237b-07e9-4d39-b224-5c089a4c63ea;0d58f0fe-41d5-40b8-b3b1-0fc98b2cc1db;user;2026-02-16 13:37:14.795339+00
723669b8-097d-496f-8395-0446f3380229;f198acd5-a0c4-4d3a-b2b0-995c81cdb0d2;user;2026-02-16 14:58:44.275925+00
eaf4972f-f38f-46b3-9e2a-4328e7d1a549;c3cbeac1-f0fe-4257-96e8-0dae1fc00b74;user;2026-02-16 15:19:43.293926+00
40b136dd-1736-49fd-804d-7de6872383b4;1fac9c2f-401a-48ed-9b05-2c3c22cad499;user;2026-02-16 15:30:39.619997+00
1c9c0063-3054-4445-a329-04154cc5b3c7;d7d237c4-47d4-4615-ad39-8ae04cf32597;user;2026-02-16 16:53:13.248007+00
c42ad932-75b2-4326-ad77-ff17b261344e;0e8a29a9-58d7-4230-9286-122c975f8de1;user;2026-02-16 18:12:28.08017+00
570afa2b-f62d-4fd7-bc21-1cb5a5795153;cd5f7bdb-92b3-44af-bae9-87e4fadc0036;user;2026-02-16 19:16:40.44668+00
0c34be5f-4617-4d40-9788-ef38e50c7aec;8d241991-2db0-4d92-8e22-9bde91531c38;user;2026-02-16 19:21:32.312196+00
8eeb607d-5bb3-4e32-a95f-e43028a06288;cccb8eea-5b58-4f5f-af56-71f4739d99a8;user;2026-02-16 19:44:02.446225+00
1d2f2551-5345-41cd-bcb1-194aa32252f9;ab5e0b7a-413c-4fdb-a7d5-1052da3955a0;user;2026-02-16 20:08:14.14122+00
35676923-f340-40aa-bf8f-cdc5fbe51674;c471aa6c-0fa5-4585-9c9a-dc0c35a84db7;user;2026-02-16 20:15:13.897083+00
9c6e46bc-8e48-4044-bc9d-78b880669d12;94fc3dd3-ab81-46b6-a25a-3ccea69220ac;user;2026-02-16 20:37:36.252885+00
2ff04fe4-fc45-42d1-9193-7dfebe994821;3b900ee5-c35a-4950-9ddc-d6f3c419e1cf;user;2026-02-16 22:10:39.494822+00
9a9366b6-dec5-4892-ae46-797d88de7e3f;355515d5-ff47-41dc-a8a5-c00252eef804;user;2026-02-17 07:25:04.048669+00
3ef8ad74-113b-4b81-a290-129cfa484a63;637c6a8b-1591-491f-a18c-03be43d0dc9e;user;2026-02-17 07:27:04.810665+00
1a4678ff-6575-48c5-a359-6f3db8966d57;6ad4b29c-1072-4117-bba5-9ed446647016;user;2026-02-17 07:31:34.598143+00
00241b36-a125-410a-96f7-33b647279741;eb9f8add-62da-4661-97e3-24a0c08cc27f;user;2026-02-17 09:13:55.550899+00
676df92f-09c2-4ffe-bc7c-2520ff3f32e5;9b4779a7-d43e-4960-bfb8-e128c35e9205;user;2026-02-17 11:16:02.904298+00
46da2a68-9b1c-4ca2-9df1-5704151ab55f;6f91200d-44cb-470c-a408-c1768e13bebf;user;2026-02-17 12:05:42.361936+00
e870db30-d2dc-4955-9199-8bb3cee35a79;aac15ee7-a899-4972-b1f4-fbb0982e5859;user;2026-02-17 12:32:47.203842+00
c6bb0818-c6d1-417d-8692-7510f42b2cd0;1ac3f4c1-8d08-48a1-86c1-a8e503087e6e;user;2026-02-17 12:35:22.871021+00
0e129bca-aadd-47ca-8caf-44858498a5c6;fe4d559f-b31b-4b02-9f5a-92b779c6f3d0;user;2026-02-17 12:38:26.015847+00
9389b4d5-767c-449e-a08c-275abe6ca704;c20b0b5d-8ab7-46c3-8335-3d310ab0c263;user;2026-02-17 15:22:19.67694+00
d052a5f4-8192-4df7-a19b-8055b681a969;2e067efb-e733-45a0-9a1d-0374ce2b8dfa;user;2026-02-17 15:31:26.41403+00
89c6c29f-e669-411d-9c72-59a6926a5ea7;d4a7519e-2b37-4514-a696-ddb515af5e1a;user;2026-02-18 07:50:05.410454+00
d0f60708-407d-4863-98db-ace44f53c869;02633352-f92b-44b2-8ba1-e84b7e70cde9;user;2026-02-18 07:51:14.498544+00
9e38aa0f-1ddb-47ec-bd04-ee22a3c03e46;a124ca8e-6d95-4c41-9d01-f9b257c6c730;user;2026-02-18 08:16:03.667792+00
d3ebeb45-979f-4d9d-becf-fb7c764fcae3;fe6ad38c-bfe4-49b2-94de-48cd6a2104b8;user;2026-02-18 08:23:45.789994+00
e4b42538-d5a3-4ace-80d8-cb01d5f5239a;b65832b4-dc1f-4c2e-83d8-1670501a7509;user;2026-02-18 08:32:45.747153+00
e139a6f5-0294-4f74-b7f0-8463065fec3d;742a3fae-0926-46ad-863e-211e270dfd4f;user;2026-02-18 10:28:59.819095+00
0995f1a7-8b78-494f-b72b-1cc18598d2e8;a67035a7-813c-43f4-bcae-fa9bef55185c;user;2026-02-18 12:51:38.290928+00
b7000995-40fa-472a-868b-35c811e426c2;9fc88e10-026b-47ff-90f7-0d4e3d884d67;user;2026-02-18 12:59:37.692894+00
987307af-7194-406b-8275-6faa570712dd;6a172b94-c8b7-44cc-ac00-275fae02598a;user;2026-02-18 14:09:14.914899+00
0d9f4d8b-b514-417d-8bf8-77b97a92a8c0;ca885b1d-666f-465d-b5e6-0d089ebeb0fb;user;2026-02-18 14:14:22.057013+00
b3d274cf-0209-4297-bb5e-b67714495f7e;e11a84c8-4290-4335-803e-5c7010cb273f;user;2026-02-18 15:09:34.231343+00
939a5ccc-0601-45aa-a1dd-0433ba6d9003;de4848c2-e413-4d2f-b7c4-986994520534;user;2026-02-18 15:26:36.874281+00
3dbf2df1-d254-4f12-982d-b77671e4cfe1;3c7a87cc-9e25-443b-864a-a493b95545ef;user;2026-02-18 16:49:38.387392+00
a85f74a6-e470-4d89-85db-157d2f75f438;c24724bb-2262-41c0-be8a-bfd22ed306d1;user;2026-02-18 18:28:39.938592+00
4339f462-3b44-42a7-8f33-24628b22e460;edb5492e-f130-4121-9c2b-dcde62913c88;user;2026-02-18 18:29:12.842864+00
8e30da75-553e-43c5-9b5e-551b4ae76f98;8892665f-23fb-4027-96db-15dc12e370a3;user;2026-02-18 18:31:42.374465+00
c61167b6-0e4a-4f0f-99c7-317a5ff8a636;86413947-ea7a-43ad-83f8-591bc665760c;user;2026-02-18 19:49:59.979138+00
5bc86362-2241-4f55-ad1c-42a0fb9fe932;bd877777-7c6b-466c-a5e4-6a43ca6a42cc;user;2026-02-18 20:47:58.57094+00
0145a3a2-f814-4807-bdd6-53ab07f58074;8cc41fb7-9abc-47ba-ab7b-843ef5e0c499;user;2026-02-18 20:59:51.800669+00
9cdefc13-a24e-409b-a5fd-c6bbb9b15988;ed193436-9c80-4f06-b1b5-d138c875b9c5;user;2026-02-18 21:28:54.90013+00
d36561ba-fad3-4cd2-9fc1-4e089b462b00;c7e08a50-cfc9-494b-a1f2-b3d85af40dff;user;2026-02-19 00:33:06.72281+00
164e2335-a4c1-4649-8add-fc99e8bb8a85;c0556fd8-b608-4d3d-b320-ba1a16edc8b3;user;2026-02-19 03:56:13.895395+00
02610727-6257-4530-9c54-7a2fd31da8b4;9e2e5fd8-2530-4084-b50d-519a8f273718;user;2026-02-19 04:00:06.587217+00
43e5a883-953c-4f1a-a7b7-edee2c31c8a4;54b4cca0-7ed5-4566-bd29-c15e69c95de1;user;2026-02-19 04:37:16.958771+00
ffddab91-90a7-4ef9-aba1-6e0b7b3c502a;3ee63d67-16e4-48f3-a532-3ca94732e043;user;2026-02-19 04:54:35.674451+00
2722a503-fd46-48b6-a7c0-4ddf6430b052;97964615-1406-426e-9df5-8ca7fe822d58;user;2026-02-19 07:34:47.617668+00
6d4a2168-ea9a-49c2-ae00-0fc81d2bae13;8e820749-b79c-4bd0-aac5-869d4e9483da;user;2026-02-19 09:04:18.276759+00
85108d07-d311-468f-9eeb-75ae7cdb9956;37dc8bc5-5945-4231-bd71-33418c748a78;user;2026-02-19 09:06:15.023597+00
a33f235a-77e6-4b3d-ae33-d2a447a2e623;aa0179f4-bdcd-4738-adb4-5a3e382f1c2f;user;2026-02-19 11:16:15.863459+00
0316bfdc-4c72-4056-aa79-344ab213bab6;1abd3cc7-0ae0-4f7a-83c5-35a06721b9fb;user;2026-02-19 14:22:12.03513+00
c40ac41e-68e9-4e8c-820c-68ea043c23f5;67bd43bf-a478-4fa9-b395-2718417d63a7;user;2026-02-19 17:29:01.027721+00
117366cb-d54f-4ca0-87d3-2df43aed6cb4;04a3068b-4ad9-4e11-9b9a-e037927dffff;user;2026-02-19 18:20:55.417611+00
9eb863ef-214e-426f-89e1-96766b3ee088;b3406aa6-642f-4bec-a353-6c937170d068;user;2026-02-19 19:25:52.936657+00
4fb77f82-b53f-42a3-b3da-14c6d91261e1;634c8b72-38a9-4730-87fa-38b876581462;user;2026-02-19 19:29:10.788575+00
e7f9409e-a3bb-43a8-bf0a-5ff55baff18c;34f71ad7-3e88-4eb3-8e28-dfa4f7db4a17;user;2026-02-20 04:50:05.994843+00
d55ab58f-a4fe-41c3-a24a-d2f2df20b963;6c62d657-f4a6-4f1e-ba61-ebc02e4d37c9;user;2026-02-20 06:22:21.508371+00
6e60a7d9-0286-4e9e-b370-e87b9b3be2d8;a1e24842-ef7e-46b8-88b8-c3257a2addbc;user;2026-02-20 08:07:22.276986+00
4675a461-8972-47e5-a278-73cfca84c5b6;e513da05-a1ae-43f3-86b7-766de1aec0c8;user;2026-02-20 11:40:55.868444+00
e0d4096e-ca58-48ef-a4e8-dc63f29b8aa3;0a186f2a-ed9b-44d9-8f79-a2f7e78718a0;user;2026-02-25 04:50:16.933849+00
954352b3-e4f4-4b87-a6bd-a9d2e187d7c7;5baba7a9-4a48-40b2-baad-cbeea8aa80dd;user;2026-02-25 20:12:41.877842+00
48922b01-ac21-4433-8111-d20205529b63;5b4e8d3a-78f1-4776-a9ed-8ae4e8ae9cfb;user;2026-02-28 15:14:25.995223+00
19b44866-e8a0-4e02-9bb9-25e3822c781c;75c94e82-757d-44d4-9e27-fdd1b12602b5;user;2026-03-05 19:34:36.028812+00
53db572f-778f-4503-9290-312c27621953;28a9e0f4-168c-4b37-9ac3-0640c4353576;user;2026-03-07 09:03:03.143196+00
4e41369b-fcae-4f1a-9394-5271a1189b6a;cb2e7581-d71a-4cd5-843d-bc069c0e81b0;user;2026-03-07 09:09:57.799953+00
a5e5b5b7-7cbf-499a-9da1-9bbf36d4885c;993df17e-a7d9-4bf4-9042-1e34fb17cd97;user;2026-03-08 19:39:17.639359+00
7f036092-d0e5-4787-8f75-87abaee19432;986d18d8-5a79-4028-825c-05181eab7151;user;2026-03-09 09:16:50.752795+00
ace33326-f6f8-450c-b4b3-17b8a10e75ea;abe4c274-3c81-4a5d-aed6-828320b5a69b;user;2026-03-09 09:59:08.889225+00
e52070fc-e0e7-4bd6-953b-236e9a410900;5f783cfa-7ebe-4c65-8bab-337e7494b8ba;user;2026-03-09 12:00:42.050205+00
55c14f27-00d3-4baa-9b82-d96b805d7e51;d5961a46-00b9-4e50-9b11-a95906468e05;user;2026-03-09 13:05:39.317443+00
a2a5e40e-5557-4153-b5c7-3725d768651a;191a4550-eb41-44d4-a291-7424e3e6b312;user;2026-03-09 13:23:08.454411+00
37ac661a-7a14-4417-80c5-f7cc66790abb;aae15a70-53c0-4e47-8678-0bcb5cdcb73c;user;2026-03-09 13:36:54.485636+00
4812c843-ac5c-44bd-a98e-9108dd586863;df80cf1f-dc89-41f9-8884-bb597804a45c;user;2026-03-09 13:37:42.125149+00
5082161e-977c-4b26-82de-2ddaa31dc5d2;1827bfdf-76ed-4302-a37e-3395a1021cde;user;2026-03-09 13:39:23.266394+00
41967764-3b57-475e-aaa7-821548619433;3f590e75-4e78-4d86-bc50-87f6109bdcae;user;2026-03-09 13:51:47.320017+00
d0a723b7-b8d0-4043-8641-3216d5894adf;80e22d1d-8554-446e-8107-f9819c78712c;user;2026-03-09 14:31:53.603697+00
7e643c0b-0d21-4a01-af07-3c30f98725c1;2240cdf9-599e-4ec2-8173-8d2bfa6ba559;user;2026-03-09 15:21:19.439813+00
997b1bfc-0179-4f9e-9f29-93cbdec826c0;5288854b-04c6-48ba-8a60-776eaa2475f1;user;2026-03-09 15:36:47.999185+00
f1ad17f4-bf48-42fb-9a21-ca5d8ae1b6e0;faaa02dc-6e64-4793-aa86-40c9be44d4de;user;2026-03-09 16:19:23.493362+00
db8131b7-e033-4443-bc15-fa64c7c46a38;d0c77894-b788-48b1-b5f8-c286be8cc578;user;2026-03-09 16:51:46.580059+00
d3f750da-e1da-4f5b-bdf4-9b63344ac7ba;e8de4236-45e8-4c89-8f41-ecadc6bd2533;user;2026-03-09 17:42:21.655087+00
9f67f0ef-0bd9-44d2-8a23-8ddf39e733f6;4dabd5c1-e344-44ff-aa32-5611e5eecb15;user;2026-03-09 18:25:10.802212+00
5461f58b-4c3b-4a91-855d-d36d7cb6391b;1021d0d1-f656-41c1-8f9d-3673579825b4;user;2026-03-09 18:38:36.050834+00
e5bba4b1-db87-40ca-9075-dc5245eed566;56e862b5-fbb4-4bcd-a62a-d0b908864d51;user;2026-03-09 19:17:25.24345+00
428f65ca-a13a-427f-90f1-69d412322c12;77a92aea-f203-4a5f-9157-ddee9708f143;user;2026-03-09 19:36:54.273155+00
39c294c2-cb0e-4f20-90b8-5c22bd49570a;b4547e50-adb2-430a-a48e-5beca8b856e2;user;2026-03-09 19:57:21.940292+00
1c409436-1c29-4669-86cb-ff655cfb597b;814d22ab-e7ef-4991-8a68-c7c245351f97;user;2026-03-09 20:02:21.175956+00
aad8139c-e3d5-4bab-bacf-7928988d3d91;147a0f1a-239f-4b70-824b-a3ee9fcc9d68;user;2026-03-09 20:22:41.637899+00
10747b61-1cc9-43b3-9cb3-712a832bae02;b569861b-3eec-44c7-a52c-fe5c2497c713;user;2026-03-09 20:23:32.797057+00
302d568b-e7b9-4064-af3c-3a2b54f869af;289ea21f-0362-46d3-b039-0b8a44d12d95;user;2026-03-11 16:34:59.401311+00
68eeec67-0c02-497d-9e20-1de3065481d6;99a6718c-96df-4edb-b760-d928525ca236;user;2026-03-12 18:18:06.439017+00
b6c8bf6f-b398-4b18-82e8-16ba5edd8ea0;0be03e15-baee-4e4c-99e3-1acfd03d5ef1;user;2026-03-14 19:52:56.200827+00
b9b20fa6-a591-4f00-9f0a-4cc906484ce2;3007f60c-b87b-4323-beef-98b46138e898;user;2026-03-15 17:04:47.489638+00
db7f3f26-0d0b-4fce-9f57-a6a51cb1589f;01910bf3-a6d7-494f-a429-00866dd1af0d;user;2026-03-16 15:59:07.029133+00
2cdf22f4-f592-4a4c-b6a5-5d960b551859;e54049f6-e96e-4d6a-98ae-3b7a2da1ec03;user;2026-03-19 08:01:30.220959+00
0317f7f8-3a07-472b-bb9f-7bb0140d8064;304728e3-187c-4ee4-ba7d-dd4620dbcd5f;user;2026-03-29 08:31:10.140159+00
c782a800-8975-4d13-a10f-f4537e8783bf;cb4fc7e3-f974-4f87-b907-16e2657161d9;user;2026-05-09 11:08:46.033947+00
bb99cf76-2db3-4494-a601-a211dd1b799e;ad441aed-1623-4770-bd42-8135164ce13a;user;2026-05-13 10:34:00.44078+00
64db80b5-ad4b-47ed-a57e-9c2e742e3e3e;e213538d-5f96-4082-9bc8-d13eb9ed9f98;user;2026-06-13 05:16:00.168658+00
b387c567-eada-49db-8451-3ce2c48a1844;1f27480b-8517-41f8-b601-e7129adf479e;user;2026-06-15 20:24:32.423851+00
e58fd46e-e816-43a9-867b-2d85a493d4ad;f9e17776-34e6-40de-aa57-09ec202c3b12;user;2026-06-17 20:36:26.787864+00
bdaa1a1d-cdac-4fe9-a17b-c951d63e681e;d1c2795b-80ce-449c-9c07-b68ba9feac9d;user;2026-06-18 18:00:30.564362+00
7f16b1a6-6b7a-4b66-a3c2-b8cdb5b5f7e7;eaf10f72-92cc-4b8e-8ca9-e748d2a78b13;user;2026-06-20 05:32:05.596689+00
4f229dc9-a39f-4720-a5a4-95c13dee6f64;badc25f9-e023-436c-b389-11ace4b70aa1;user;2026-06-21 11:40:46.222775+00