id;user_id;amount;type;description;reference_id;order_id;created_at
ba1160aa-f2ff-4614-9502-811dc8037d84;336961d8-918f-40e1-a14e-b6acc67f1971;160.00;deposit;Ajuste manual de saldo pelo administrador;;;2026-01-04 10:07:46.290117+00
98312fc9-ec0d-41f1-8752-db20b84cb6f2;fd90a447-b9e7-4dae-93a5-fd703284b833;200.00;deposit;Ajuste manual de saldo pelo administrador;;;2026-01-04 10:07:58.391776+00
e1998837-1db1-48e7-b835-3587fce527e1;fd90a447-b9e7-4dae-93a5-fd703284b833;	-87.00;order_payment;Pagamento pedido #6d24a6b8 - Curtidas;;6d24a6b8-3a8b-421a-a386-1d73143d3c10;2026-01-04 10:39:52.978803+00
f08ee05e-7559-4d38-b9df-8cfdcd65073a;fd90a447-b9e7-4dae-93a5-fd703284b833;50.00;deposit;Recarga via EMOLA - 874249709;emola-1767525632699;;2026-01-04 11:20:32.748759+00
65b23949-bb6f-465d-8806-6bd37cfdaa41;fd90a447-b9e7-4dae-93a5-fd703284b833;50.00;deposit;Recarga via EMOLA - 874249709;emola-1767526010341;;2026-01-04 11:26:50.426802+00
81bb19f4-8a11-4df5-9cf4-50ecce85715b;fd90a447-b9e7-4dae-93a5-fd703284b833;	-35.00;order_payment;Pagamento pedido #32887c00 - Seguidores para Páginas;;32887c00-f556-4f7e-86f6-432aa32b2d37;2026-01-04 11:35:40.913319+00
1e9825ec-9b41-48da-8b87-e389b6083d4c;fd90a447-b9e7-4dae-93a5-fd703284b833;	-30.00;order_payment;Pagamento pedido #ec406464 - Curtidas;;ec406464-d5aa-4c07-8e96-8dcb85a1886d;2026-01-04 12:06:16.969976+00
60cdac59-4564-4b28-9018-3e3c014155d0;fd90a447-b9e7-4dae-93a5-fd703284b833;	-100.00;order_payment;Pagamento pedido #c5f98766 - Curtidas;;c5f98766-1618-4acc-9f2d-4078bf417a7b;2026-01-04 12:09:35.898066+00
0f90f260-ea26-4d41-80ca-c04348164fcc;fd90a447-b9e7-4dae-93a5-fd703284b833;600.00;deposit;Ajuste manual de saldo pelo administrador;;;2026-01-04 15:06:57.92827+00
d90c351b-df33-4286-b8bb-dc048082e190;336961d8-918f-40e1-a14e-b6acc67f1971;550.00;deposit;Ajuste manual de saldo pelo administrador;;;2026-01-04 15:08:54.752484+00
312ff1b9-ae20-4c6c-aec8-248d935c1115;fd90a447-b9e7-4dae-93a5-fd703284b833;	-350.00;order_payment;Pagamento pedido #1a8581ce - Seguidores para Páginas;;1a8581ce-904d-41c9-a982-dddc5ca3232b;2026-01-04 15:15:18.237744+00
4cd6826b-faf0-4fb6-baf4-5813d654ee8f;fd90a447-b9e7-4dae-93a5-fd703284b833;	-50.00;order_payment;Pagamento pedido #c22a4b1e - Curtidas;;c22a4b1e-e8cb-4102-94bb-2f5d3bcdd914;2026-01-04 15:17:11.947729+00
857aa9e8-3a9b-4a44-86f4-2e742386688a;fd90a447-b9e7-4dae-93a5-fd703284b833;	-74.00;order_payment;Pagamento pedido #8fcc2112 - Seguidores;;8fcc2112-4003-486a-95c0-a123c8477153;2026-01-06 07:29:26.12067+00
0c908970-d246-4b32-9176-bd75bd62af3c;977308ae-34f6-4c7c-95ba-e004ea484962;100.00;deposit;Recarga via MPESA - 852205809;mpesa-1770718560691;;2026-02-10 10:16:00.725064+00
42dc303a-f3e6-43b6-9a8d-c8ee58fadead;003632aa-043b-4382-ad5c-07ff0a903197;50.00;deposit;Bónus de boas-vindas;;;2026-02-12 09:54:28.595241+00
bb142faa-716e-46ca-8761-ac23a9676bcd;06e7cb6a-7664-403d-9cf6-f87d7a80eb66;50.00;deposit;Bónus de boas-vindas;;;2026-02-12 10:20:32.029594+00
28eb89fb-5e29-446b-a19a-ebee17dd7793;eb20c310-7a70-4290-ad26-9133dad8837d;35.00;deposit;Bónus de boas-vindas;;;2026-02-13 20:02:57.021426+00
4b969dcd-3bdc-4f16-85b1-1b4e5a399a7d;d443c3cf-5358-4b1e-b6eb-e32864d129f9;35.00;deposit;Bónus de boas-vindas;;;2026-02-13 21:20:46.93955+00
8da77ae9-eb0d-4580-a0a5-bd8f5311a5ff;bf319da2-9398-49d7-947f-1b3c33dff140;35.00;deposit;Bónus de boas-vindas;;;2026-02-13 23:15:57.402314+00
7714b166-01d3-4bd9-bb04-98dba2fb61c1;33e6731f-c1a8-4f59-a758-ebbd05e6909a;35.00;deposit;Bónus de boas-vindas;;;2026-02-14 02:04:41.063324+00
d2483a06-d470-404b-9576-ed0810508556;cd46dc7c-ee11-4748-8763-4ab560e83441;35.00;deposit;Bónus de boas-vindas;;;2026-02-14 05:01:13.704349+00
ba009b0f-120a-438f-9dde-c574a9389b9d;8bd562b3-52c7-4c3b-acc0-6676d3a6dc2c;35.00;deposit;Bónus de boas-vindas;;;2026-02-14 05:17:46.501936+00
c044331c-1fe4-4b64-bea4-15e1c795da0b;bf319da2-9398-49d7-947f-1b3c33dff140;35.00;refund;Estorno do pedido #a57ecae8;;a57ecae8-a6bf-4f24-8d79-a0740f021569;2026-02-14 05:25:06.174876+00
f3e4f20b-447a-4c30-afd2-14545c8f3d96;33e6731f-c1a8-4f59-a758-ebbd05e6909a;14.50;refund;Estorno do pedido #0b7588a2;;0b7588a2-3b6c-46d6-9ba7-200733de0caa;2026-02-14 07:49:35.341318+00
491f45e0-4843-4242-b9ad-687beae8e48e;effa7495-6033-4f74-a3a1-bb1be6b46e5a;35.00;deposit;Bónus de boas-vindas;;;2026-02-14 09:30:07.146215+00
4d0a113c-6820-4122-9ae3-a84120a7c628;42eca75b-8c23-4c6f-85e2-737962160d5c;35.00;deposit;Bónus de boas-vindas;;;2026-02-14 15:32:28.998409+00
02243f29-ac19-4948-8e27-d7d059a2f5d0;e740881a-9083-4525-8b4e-e7a64e4015b5;35.00;deposit;Bónus de boas-vindas;;;2026-02-14 17:23:42.110613+00
f833de0c-ecad-4917-a92f-6a45c8f3b603;30264a29-8a28-4523-a84a-38af52cc2e3a;35.00;deposit;Bónus de boas-vindas;;;2026-02-14 17:40:57.34949+00
41e9f7f3-4410-4cbf-bc41-c6e5ad7dbee7;e5da6415-fb68-4267-b3aa-0bd54f2e0d77;35.00;deposit;Bónus de boas-vindas;;;2026-02-14 18:22:53.549987+00
986fae0f-6669-414d-bfdc-11f92507a962;d388e1c7-a67d-42cf-9227-30de68747358;35.00;deposit;Bónus de boas-vindas;;;2026-02-14 18:35:20.430946+00
f76a74fe-97e8-41e5-8f58-5710801c9044;71b3836a-f7de-4ecb-9897-ab2259e31de2;35.00;deposit;Bónus de boas-vindas;;;2026-02-14 18:38:42.309518+00
0f048891-6c90-4c19-b582-942eab95c732;b24ba176-589c-487e-b210-b99b7fb86121;35.00;deposit;Bónus de boas-vindas;;;2026-02-14 19:06:33.11417+00
c0a6cdcc-c92b-4d82-96ba-6a6b0c70f78e;679ecc4d-c8bc-41fa-b676-f8170d5adfbc;35.00;deposit;Bónus de boas-vindas;;;2026-02-14 19:08:12.763879+00
4a3ea0ef-64b5-40f3-a370-49d28451e5c1;18a884b3-ce10-4a4a-a121-db3637a30d32;35.00;deposit;Bónus de boas-vindas;;;2026-02-14 20:02:39.278009+00
e008763c-772d-4e25-9399-7e7e36b99031;43da60bb-b4e9-4c83-8ce7-d9f9ddb600bb;35.00;deposit;Bónus de boas-vindas;;;2026-02-14 20:32:02.298555+00
08e33e4b-dd65-4401-865e-bb246521afee;2d9b0c37-3f0e-4eb9-bb26-7af9018f22d0;35.00;deposit;Bónus de boas-vindas;;;2026-02-14 21:53:32.164872+00
326bdc70-968a-43a3-aa72-7fe3f769f3c6;a973f5a6-e46b-4967-bfe9-521530e7c368;35.00;deposit;Bónus de boas-vindas;;;2026-02-14 22:13:13.789746+00
5a99e13b-fc96-485f-955c-6f89176100bb;2d9b0c37-3f0e-4eb9-bb26-7af9018f22d0;12.00;refund;Estorno do pedido #15e715eb;;15e715eb-0182-439c-ad4b-370f43cf39ad;2026-02-14 22:20:00.644699+00
98995a7f-ef6a-4db1-bac8-88706901893c;2d9b0c37-3f0e-4eb9-bb26-7af9018f22d0;10.00;refund;Estorno do pedido #a231e86d;;a231e86d-c785-4697-8d60-b4cbca90bd2f;2026-02-14 22:20:04.869113+00
060e0320-9515-4c12-8347-0e69150e20ff;2d9b0c37-3f0e-4eb9-bb26-7af9018f22d0;12.00;refund;Estorno do pedido #2d84123d;;2d84123d-9ff3-4a1e-a9b6-c1321e0e5382;2026-02-14 22:20:08.640954+00
bb857e6e-0779-4d63-bc5b-7e7af00666ee;7e7b3a5b-22bd-4a0b-b70e-cac201549078;35.00;deposit;Bónus de boas-vindas;;;2026-02-14 23:13:50.354469+00
5692c5ae-6edd-424a-a0a0-28fe4620507f;5746d21a-2529-4db1-835c-bcf8059295b5;35.00;deposit;Bónus de boas-vindas;;;2026-02-15 06:52:36.438745+00
4e859f68-6f69-4575-a658-dc379abe2696;5746d21a-2529-4db1-835c-bcf8059295b5;100.00;deposit;Recarga via EMOLA - 875109637;emola-1771138626457;;2026-02-15 06:57:06.508518+00
a35d71b8-ae06-4f1a-a6fb-db88cf93eb53;5746d21a-2529-4db1-835c-bcf8059295b5;120.00;refund;Estorno do pedido #1c57608c;;1c57608c-e9ef-416f-9ee9-ab32bde23555;2026-02-15 07:23:48.744332+00
6cd0c987-f83b-4624-aa87-f031295bd5e6;a94425bf-8d0e-4c21-b80e-63903b91ba98;35.00;deposit;Bónus de boas-vindas;;;2026-02-15 08:43:44.378585+00
d3a15dae-d910-4ddd-874d-92bbefc91ff1;0e60e640-872e-45f8-9ef2-48624136a3ad;35.00;deposit;Bónus de boas-vindas;;;2026-02-15 08:54:43.150573+00
16f851bf-66f9-4616-b16e-d93c1f8d8d5f;55c2b2d9-64d8-4a7d-9dd4-e0d1c85b5460;35.00;deposit;Bónus de boas-vindas;;;2026-02-15 08:59:12.982128+00
a9a1d79d-49f3-4b3a-aa7a-3009d6a4d947;882dc579-a21b-4de8-b81c-50f98a2c6f96;35.00;deposit;Bónus de boas-vindas;;;2026-02-15 09:50:17.934873+00
b23e9d6e-e449-4f77-8b91-c1d4894fceaa;c09f69bf-dd4f-4d62-b464-63f357b47882;35.00;deposit;Bónus de boas-vindas;;;2026-02-15 10:08:41.298539+00
b9b32138-12e9-4af2-ac69-81adff29b52e;f5cf6059-3db7-4ba8-bb33-b1eb258ca375;35.00;deposit;Bónus de boas-vindas;;;2026-02-15 10:09:36.191374+00
351c9b04-8245-4eed-aa04-80674880267e;9b3a894f-3425-4342-8b68-35608162b56b;35.00;deposit;Bónus de boas-vindas;;;2026-02-15 10:10:16.215775+00
d7c0f38a-4fc6-4b3b-93bd-7f270b41f4ce;f395d28e-1161-4df7-81a5-eda3e2502f63;35.00;deposit;Bónus de boas-vindas;;;2026-02-15 10:44:21.315552+00
4e51f659-e00d-41fe-a088-ef24eff88812;c5f086d2-8cc7-4d56-a1ac-3e812f62593e;35.00;deposit;Bónus de boas-vindas;;;2026-02-15 11:15:05.803683+00
dbf3e547-a42a-4ab3-a10d-d5d1a0c3aae7;cd46dc7c-ee11-4748-8763-4ab560e83441;35.00;refund;Estorno do pedido #20508189;;20508189-efbb-4808-87da-5f546a7857a6;2026-02-15 11:25:52.516058+00
58751096-bc35-4af1-981a-e18d2202204d;2f7d4d35-70d3-4aba-8759-c8cf87563df0;35.00;deposit;Bónus de boas-vindas;;;2026-02-15 11:53:20.933506+00
472c8ea5-1d95-4e39-b0b7-9712b9189851;be0d55ed-591a-4367-bcbb-6ae329a28985;35.00;deposit;Bónus de boas-vindas;;;2026-02-15 11:54:05.434131+00
daca848e-19a0-4113-a096-f3c32732eae0;08429734-afe5-450d-b47a-a91a0b7549e3;35.00;deposit;Bónus de boas-vindas;;;2026-02-15 12:03:29.255719+00
bbf6edbc-3f1e-48df-8fce-2a2a1669b1b3;be041823-cebe-47e6-9018-da8cd066ac52;35.00;deposit;Bónus de boas-vindas;;;2026-02-15 12:08:24.701406+00
fc38ac05-fe13-43d9-8475-2d675ce641a2;263a9fd8-9a91-4749-82e7-60d74f187b91;35.00;deposit;Bónus de boas-vindas;;;2026-02-15 12:14:17.593803+00
4d04c009-3efd-4421-826b-078c5ea0bd34;be041823-cebe-47e6-9018-da8cd066ac52;30.00;refund;Estorno do pedido #7f2d3038;;7f2d3038-3de7-4643-890d-f5abedcbf547;2026-02-15 12:22:35.226542+00
a5277181-3e5e-4d37-b6c9-d7ab4480fd33;51d864f8-a92e-47e7-bd82-901020f6760e;35.00;deposit;Bónus de boas-vindas;;;2026-02-15 12:41:46.910865+00
36dd7e98-c1f7-486b-853e-db7ee050c72c;f8098c85-3664-4f47-8d60-123f03daef85;35.00;deposit;Bónus de boas-vindas;;;2026-02-15 12:48:03.529001+00
06a1d2e0-f6b3-4bd6-9456-0d470a16ce8d;f8098c85-3664-4f47-8d60-123f03daef85;12.00;refund;Estorno do pedido #4d593194;;4d593194-76bb-4407-8630-0c34ee39ce1a;2026-02-15 13:09:22.44433+00
ebf431c3-f3dd-448b-b870-44514235733e;825ea7a9-f40f-4c1b-a340-ea91f76899c8;35.00;deposit;Bónus de boas-vindas;;;2026-02-15 13:11:10.228138+00
6f7c7721-42b7-4693-a98b-0e7ef4c6a6fa;70d5cc61-11d4-4f98-ab7e-94a9f4b88f14;35.00;deposit;Bónus de boas-vindas;;;2026-02-15 13:12:06.990092+00
af49e41d-5923-401d-9e08-1c552b18b4be;cdcc666b-9e82-40fc-8860-f3bdecfa59d1;35.00;deposit;Bónus de boas-vindas;;;2026-02-15 13:20:27.172597+00
78fb6f4e-00c1-489f-bef2-ec4d5e9696a9;d783e439-d242-4157-b639-58f9873845cc;35.00;deposit;Bónus de boas-vindas;;;2026-02-15 13:25:16.916598+00
9cd73c17-8b59-4184-94c1-c6f890542f30;f8098c85-3664-4f47-8d60-123f03daef85;10.00;refund;Estorno do pedido #5583bfe6;;5583bfe6-25dd-4184-8b52-07baac906729;2026-02-15 13:36:05.591513+00
c4b4c7a0-f36c-431a-a0b7-6cf60d1a4f08;a4cd3ee8-4754-4106-9fb2-6524efca24db;35.00;deposit;Bónus de boas-vindas;;;2026-02-15 13:40:07.368357+00
6a5eb9a6-7dc6-42cc-8cbf-411399918428;58d03a69-ed53-48c4-ad88-167f1f91776b;35.00;deposit;Bónus de boas-vindas;;;2026-02-15 13:50:33.450152+00
8064af8b-03de-4c40-9ba9-35d649b20bce;37abf48f-c2b5-4d35-a527-560e7dda2eb7;35.00;deposit;Bónus de boas-vindas;;;2026-02-15 13:52:11.831387+00
05f81110-7e78-4674-9376-b3109ad04930;f8098c85-3664-4f47-8d60-123f03daef85;10.00;refund;Estorno do pedido #9101898e;;9101898e-7f34-4440-9fe3-07d15c5fa89a;2026-02-15 14:13:16.051132+00
0426276c-b545-4bc0-8add-0739b4c7c7d6;f8098c85-3664-4f47-8d60-123f03daef85;10.00;refund;Estorno do pedido #cb362f3f;;cb362f3f-7411-429f-a0ee-6a930074dc25;2026-02-15 14:13:19.580656+00
f9946a31-b5f3-418d-882d-e2a145b498d9;44eebd51-1dbe-4d58-a9e1-7e32248e8d69;35.00;deposit;Bónus de boas-vindas;;;2026-02-15 14:24:40.153411+00
67f7fec0-2995-4f81-9276-f0eb606a077b;f4e6a9b0-6dc8-4dab-af16-25d182f0e6b5;35.00;deposit;Bónus de boas-vindas;;;2026-02-15 14:32:37.187238+00
0ce66a40-9dd2-4a95-945a-e55a9e175d87;be041823-cebe-47e6-9018-da8cd066ac52;30.00;refund;Estorno do pedido #9ffe4b1f;;9ffe4b1f-904c-426b-8a27-bd0eba2f44cf;2026-02-15 14:34:01.284184+00
a86a5efe-ac62-4fc9-be42-1965802b875e;f4e6a9b0-6dc8-4dab-af16-25d182f0e6b5;30.00;refund;Estorno do pedido #5e38b9a7;;5e38b9a7-bf15-4b9c-a96e-fac1e66f6e62;2026-02-15 14:34:04.862948+00
c472aa71-3a96-4a57-88e8-2534ec5383c4;6ae24fc9-7183-4fee-9542-8e8bde7301f1;35.00;deposit;Bónus de boas-vindas;;;2026-02-15 14:44:51.437312+00
c2cec92f-57aa-4b0e-9c15-c39932439329;f4e6a9b0-6dc8-4dab-af16-25d182f0e6b5;30.00;refund;Estorno do pedido #31f37be7;;31f37be7-c082-466b-b398-1a9ea833d3ce;2026-02-15 14:54:49.019496+00
e7077c3f-4fad-45b5-8c55-bab0aaffdfb0;be041823-cebe-47e6-9018-da8cd066ac52;30.00;refund;Estorno do pedido #e4129273;;e4129273-2bdd-4072-83b9-08f85e87826f;2026-02-15 14:54:51.659272+00
4ece6f64-6888-4d98-9cf8-40aa7c9f87b8;6ae24fc9-7183-4fee-9542-8e8bde7301f1;30.00;refund;Estorno do pedido #21eaec44;;21eaec44-9d04-49eb-9730-53353ce13f0c;2026-02-15 14:54:55.088685+00
8139cb54-5222-456a-ba59-798c6d624cf8;e7cf24ac-cb3d-4806-850d-628b8545d4c4;35.00;deposit;Bónus de boas-vindas;;;2026-02-15 14:56:57.854342+00
94e7a0dc-e7ed-4a10-bd9f-32c756fd2529;6ae24fc9-7183-4fee-9542-8e8bde7301f1;30.00;refund;Estorno do pedido #0a10e20f;;0a10e20f-71e8-4c6a-98c4-4560f2540dee;2026-02-15 14:59:54.41537+00
ebd32550-faaa-4a96-a5eb-5d97c7012c51;cdcc666b-9e82-40fc-8860-f3bdecfa59d1;10.00;refund;Estorno do pedido #5819d8a0;;5819d8a0-110f-41ae-bc17-7b23b6ed24b9;2026-02-15 15:00:30.031656+00
04e13071-f7a6-472a-a89f-f301f8fee2b7;6ae24fc9-7183-4fee-9542-8e8bde7301f1;35.00;withdrawal;Ajuste manual de saldo pelo administrador;;;2026-02-15 15:30:30.576964+00
33baf4b7-0b4b-442a-ad57-ed646f856963;f4e6a9b0-6dc8-4dab-af16-25d182f0e6b5;35.00;withdrawal;Ajuste manual de saldo pelo administrador;;;2026-02-15 15:30:39.503556+00
274c3630-1cc7-440c-b586-e528119878ee;f8098c85-3664-4f47-8d60-123f03daef85;23.00;withdrawal;Ajuste manual de saldo pelo administrador;;;2026-02-15 15:31:11.987498+00
7afd6451-d84a-490b-9a76-96e0007bd7e5;be041823-cebe-47e6-9018-da8cd066ac52;35.00;withdrawal;Ajuste manual de saldo pelo administrador;;;2026-02-15 15:31:31.138211+00
798abcec-0b0a-4485-be21-1bc094d13fd0;49b8f754-6deb-4355-a47d-ad3aca823465;35.00;deposit;Bónus de boas-vindas;;;2026-02-15 15:54:07.481139+00
8afd376c-d009-4116-bbdc-f37965d2e2e0;8fa03fef-2028-4946-aee7-3085d8cec59e;35.00;deposit;Bónus de boas-vindas;;;2026-02-15 17:12:36.551385+00
46758788-36d2-47a6-9b49-d239d9435f71;fd90a447-b9e7-4dae-93a5-fd703284b833;	-100.00;order_payment;Pagamento pedido #0b16166c - Curtidas;;0b16166c-2cf9-4d3b-b235-75ecda456681;2026-02-15 17:39:27.756482+00
8befc81d-13bf-43b6-8474-d18c7921a6f6;bf2ef3dd-11b5-4d6c-8a75-fedd94661e16;35.00;deposit;Bónus de boas-vindas;;;2026-02-15 17:41:00.881276+00
d1e2018b-a62c-4aaf-895a-818788762cce;50c44a24-b456-47e4-9a8b-765a7cf00789;35.00;deposit;Bónus de boas-vindas;;;2026-02-15 17:45:01.100056+00
b4c944be-d4a4-40f7-aee0-371f5b63167e;50c44a24-b456-47e4-9a8b-765a7cf00789;14.50;refund;Estorno do pedido #02dab565;;02dab565-a30c-499c-ac9a-45a4763c8226;2026-02-15 17:54:18.185054+00
55d48f6e-b8ff-4700-9376-90560945095f;56841124-5345-48c1-b668-5baa18a019b0;35.00;deposit;Bónus de boas-vindas;;;2026-02-15 17:58:10.940637+00
5eb0a4e9-81ef-4f5c-8fe7-12dfccbcb37c;55c2b2d9-64d8-4a7d-9dd4-e0d1c85b5460;50.00;deposit;Recarga via MPESA - 857979193;mpesa-1771178456518;;2026-02-15 18:00:56.549004+00
b4da5f24-e53b-4f88-91d9-8574c6e0bca6;56841124-5345-48c1-b668-5baa18a019b0;10.00;refund;Estorno do pedido #467c1a88;;467c1a88-a7ee-4e3f-9025-fc420826c62e;2026-02-15 18:33:49.441663+00
0f78b517-5bfb-4084-be10-eedc4672dc9a;56841124-5345-48c1-b668-5baa18a019b0;25.00;withdrawal;Ajuste manual de saldo pelo administrador;;;2026-02-15 18:33:58.384323+00
cb735a73-8dc4-4ed0-b65a-a38112175f5b;55d1dc00-efb4-4f50-823a-7c3bb4a7629a;35.00;deposit;Bónus de boas-vindas;;;2026-02-15 18:35:00.80929+00
50efdced-7cf2-4d61-879b-97dba0ad31a3;b145088c-4fe9-4a71-bded-3a673866f076;35.00;deposit;Bónus de boas-vindas;;;2026-02-15 18:40:35.807124+00
0dcfa6f9-3d84-4183-8f8b-34895d870e46;1c29ea23-cf82-4fd5-ab3d-aaa47bbdc4f4;35.00;deposit;Bónus de boas-vindas;;;2026-02-15 18:45:54.541241+00
2f2b6ce8-a817-4e78-b93e-a7b3da93ccd7;1d26c319-cf7f-4637-9077-5278ffa34d18;35.00;deposit;Bónus de boas-vindas;;;2026-02-15 18:46:27.623165+00
aa90a107-fa22-4cb0-bf02-128fbadbe65b;7999820b-4905-4b42-9575-64d34b8a76f6;35.00;deposit;Bónus de boas-vindas;;;2026-02-15 18:49:15.539574+00
f0d69096-8461-4da2-8f7b-a9fc6eedd0f9;c2376194-0e37-4f0a-84ee-fac0597bddad;35.00;deposit;Bónus de boas-vindas;;;2026-02-15 18:56:45.689953+00
4e7f6306-11ad-4914-b09a-8b4dd9d465ad;f2664066-fdfd-4f1b-bf44-832a78f05b9c;35.00;deposit;Bónus de boas-vindas;;;2026-02-15 19:02:59.973543+00
afa1ccf4-c9f1-4fae-b23a-5729a5c56c1a;0d515bc4-135f-46d6-8e33-8ff20daabc10;35.00;deposit;Bónus de boas-vindas;;;2026-02-15 19:33:27.934514+00
9234aed5-889d-42e5-95d9-80f1267b7889;2d9b0c37-3f0e-4eb9-bb26-7af9018f22d0;12.00;refund;Estorno do pedido #b6d23b39;;b6d23b39-fc04-42b7-a323-1327397da861;2026-02-15 19:57:22.326931+00
d5e50c92-7ae9-4d58-86eb-a1e5473056b8;2d9b0c37-3f0e-4eb9-bb26-7af9018f22d0;10.00;refund;Estorno do pedido #74da0dae;;74da0dae-39b3-4cac-acdf-a7a6d2611b75;2026-02-15 19:57:25.570566+00
d1440c48-6a74-4870-a667-0ec6f18daa2c;2d9b0c37-3f0e-4eb9-bb26-7af9018f22d0;10.00;refund;Estorno do pedido #8aab933f;;8aab933f-e3e5-4fcb-95cc-e73e1a035c50;2026-02-15 19:57:30.116262+00
92cb1559-5a30-4cc3-91cf-8e11ccaa0278;43856618-1080-47a3-ba07-03f75fbe8c1b;35.00;deposit;Bónus de boas-vindas;;;2026-02-15 20:01:52.426065+00
3ec760b7-16ec-4712-b678-908b1df87443;3fe8e538-6444-40ff-9715-6cd319334338;35.00;deposit;Bónus de boas-vindas;;;2026-02-15 20:09:27.007461+00
8c22695e-1bba-4e4a-8caf-24644569bb40;d0fc1dd3-408b-4a78-9139-a13b70d9006a;35.00;deposit;Bónus de boas-vindas;;;2026-02-15 20:13:06.706126+00
3f0b3b6c-6d32-4290-99cc-06e1ad431be0;c117b6a6-5844-4324-ab30-d3712617e20b;35.00;deposit;Bónus de boas-vindas;;;2026-02-15 21:24:58.91675+00
2835bffd-1e5c-4cd3-ba30-4c2529607604;56c5c748-1271-450c-af41-e3594625251b;35.00;deposit;Bónus de boas-vindas;;;2026-02-15 22:22:34.651332+00
6a504ae1-9982-42aa-ac92-064b5e910640;3b5f72d8-181c-4c5c-ba73-c0821770b32a;35.00;deposit;Bónus de boas-vindas;;;2026-02-15 23:12:47.966872+00
6dcbd8e0-1799-4c6b-a233-c94ab06753ed;3c89974c-e8a6-47f5-9425-37659dc464bb;35.00;deposit;Bónus de boas-vindas;;;2026-02-15 23:18:34.111546+00
f500c003-067b-4e42-a85b-15b47a6891ba;954b6095-2ef1-45d7-958d-28a3710b3a22;35.00;deposit;Bónus de boas-vindas;;;2026-02-16 00:04:03.166498+00
42a3f336-14d6-4b86-98a2-5e5e17b254c1;a65f96ae-1f04-4dcd-8797-654b9717a62e;35.00;deposit;Bónus de boas-vindas;;;2026-02-16 01:09:55.041783+00
fd1e0d72-6f58-4085-963f-812c5b980e04;3b5f72d8-181c-4c5c-ba73-c0821770b32a;25.00;refund;Estorno do pedido #5d335b19;;5d335b19-4c79-46b1-8772-15c7ff9f92f7;2026-02-16 05:37:57.246056+00
37d0b298-3d87-4f32-8782-4b619cf8cbc6;4985c719-9633-4dc4-bf86-d7cb194c25a8;35.00;deposit;Bónus de boas-vindas;;;2026-02-16 06:17:40.094249+00
87377b00-a2b4-4ffa-8878-eba2f62f4c7c;d19932df-f817-4c11-8a98-e4a96781c0ce;35.00;deposit;Bónus de boas-vindas;;;2026-02-16 06:36:32.920122+00
f5c7d8d8-e074-4f4e-9187-e9e9249b9c19;4308347f-a1af-4a74-b022-7ee5647ab5c0;35.00;deposit;Bónus de boas-vindas;;;2026-02-16 06:45:19.716267+00
b9c1cf19-7451-45b8-af3d-6d31d4fa0fbf;93c747a8-6efb-482d-813a-a2f9d37d2ee4;35.00;deposit;Bónus de boas-vindas;;;2026-02-16 07:07:50.73326+00
badca00e-29f8-481f-aef6-3a49416d1dbe;93c747a8-6efb-482d-813a-a2f9d37d2ee4;30.00;refund;Estorno do pedido #0f5365c1;;0f5365c1-9904-4054-9878-13dceacee138;2026-02-16 07:16:32.558225+00
eae6304a-357d-4213-a32a-4e4fb7d91510;93c747a8-6efb-482d-813a-a2f9d37d2ee4;35.00;withdrawal;Ajuste manual de saldo pelo administrador;;;2026-02-16 07:16:56.750592+00
95475788-79be-4487-8b75-c95758ea488e;87bb10f2-33c0-4a58-beac-08b18880f668;35.00;deposit;Bónus de boas-vindas;;;2026-02-16 07:20:22.754267+00
1c61ca4e-a914-4d94-a8c4-8012f4e3ca8f;8261aa02-aed8-4c42-996d-cfbdfd9ed34a;35.00;deposit;Bónus de boas-vindas;;;2026-02-16 07:21:24.83957+00
03e62982-5072-4d11-934c-e707f79ea0ae;87bb10f2-33c0-4a58-beac-08b18880f668;24.00;refund;Estorno do pedido #91be7715;;91be7715-de36-427a-b6bf-1f230c4bdb90;2026-02-16 07:21:54.118619+00
425ad64c-987f-4924-8aaf-9212cf7292ff;87bb10f2-33c0-4a58-beac-08b18880f668;35.00;withdrawal;Ajuste manual de saldo pelo administrador;;;2026-02-16 07:22:28.898898+00
bcf36419-3a8c-4766-a76d-c5604928dc0a;bb09a267-89f6-4ae1-a41c-ac79f1e27100;35.00;deposit;Bónus de boas-vindas;;;2026-02-16 07:44:31.505659+00
b46f5cd7-5408-4907-914d-ec034bc44071;26821760-c4b0-421d-9895-3ab7d2fafe13;35.00;deposit;Bónus de boas-vindas;;;2026-02-16 07:55:41.72864+00
5f6bd1f0-6355-41de-98b7-4ecd97b86895;d14fa2aa-fac9-4935-8200-a51a724ae755;35.00;deposit;Bónus de boas-vindas;;;2026-02-16 08:00:20.334449+00
6110d171-f412-42a2-aed8-2f938cf24963;6b1a9a14-1e87-47a8-93ee-0eca95ceda76;35.00;deposit;Bónus de boas-vindas;;;2026-02-16 08:16:22.614543+00
63462ce5-a9ce-42a7-a50e-08aee0152bc2;d14fa2aa-fac9-4935-8200-a51a724ae755;10.00;refund;Estorno do pedido #c2bc639d;;c2bc639d-7346-4ea6-bdc4-381e46ba8ec4;2026-02-16 08:16:36.412911+00
b77ba50f-944b-484d-bf43-c4a3a9897828;d14fa2aa-fac9-4935-8200-a51a724ae755;10.00;refund;Estorno do pedido #8e1f44b7;;8e1f44b7-c3ae-4126-b749-4cd03c23882a;2026-02-16 08:37:06.520164+00
64762999-81a3-44f9-a945-8d1859e84fe6;d14fa2aa-fac9-4935-8200-a51a724ae755;35.00;withdrawal;Ajuste manual de saldo pelo administrador;;;2026-02-16 08:37:43.884725+00
3e0226a8-5bf6-4e83-b9b4-3a2873a8928b;39930141-cac4-4962-a71a-c1221840ef60;35.00;deposit;Bónus de boas-vindas;;;2026-02-16 08:38:17.083872+00
70e39e98-31cf-433a-a447-607985315b48;4071bad3-6bc8-479d-a30d-8444da469877;35.00;deposit;Bónus de boas-vindas;;;2026-02-16 08:38:56.666459+00
c6f68263-08c6-42a3-9eb4-f08af8627509;4071bad3-6bc8-479d-a30d-8444da469877;10.00;refund;Estorno do pedido #f5a52a0a;;f5a52a0a-a4d4-4919-a18c-3d9cf5814bff;2026-02-16 08:41:59.213766+00
da0183fb-a62b-408e-8b4e-53c5b1311e58;4071bad3-6bc8-479d-a30d-8444da469877;35.00;withdrawal;Ajuste manual de saldo pelo administrador;;;2026-02-16 08:56:20.55968+00
352817fb-2f44-446f-b628-7ae8776fec6b;712d7b5e-599e-46da-a1a8-6a1100f85939;35.00;deposit;Bónus de boas-vindas;;;2026-02-16 09:00:08.678566+00
836aec31-0a1f-48cc-9586-b8db4536fa4b;3b5f72d8-181c-4c5c-ba73-c0821770b32a;34.00;refund;Estorno do pedido #715e8aad;;715e8aad-ba04-498b-97f5-3c8cc6c38538;2026-02-16 09:16:46.801012+00
f5eed6f3-00f1-4926-9e9c-126ed4eed2f0;3b5f72d8-181c-4c5c-ba73-c0821770b32a;35.00;withdrawal;Ajuste manual de saldo pelo administrador;;;2026-02-16 09:16:56.021641+00
6b89ead9-660d-415f-8c36-fbc08f4050da;15289c0f-50b8-4c3c-80ca-539b1a1a233e;35.00;deposit;Bónus de boas-vindas;;;2026-02-16 10:11:04.0761+00
5ad721e6-9b97-422e-b309-1b51749c9ebc;c09f69bf-dd4f-4d62-b464-63f357b47882;100.00;deposit;Recarga via EMOLA - 874924362;emola-1771260120324;;2026-02-16 16:42:00.379888+00
5618b9ae-c5b5-4197-92f1-4f5ad2806be0;bb09a267-89f6-4ae1-a41c-ac79f1e27100;50.00;deposit;Recarga via EMOLA - 878948203;emola-1771271992735;;2026-02-16 19:59:52.78429+00
e34150ee-fa71-4bfe-b522-f022234fc5c9;355515d5-ff47-41dc-a8a5-c00252eef804;100.00;deposit;Recarga via EMOLA - 874249709;emola-1771313518984;;2026-02-17 07:31:59.018763+00
207f3a5d-e397-452c-bafc-331b8082f33f;1ac3f4c1-8d08-48a1-86c1-a8e503087e6e;50.00;deposit;Recarga via EMOLA - 865593042;emola-1771332029902;;2026-02-17 12:40:30.012002+00
b83f8d00-af3c-44e7-ae92-a57bafdca024;c09f69bf-dd4f-4d62-b464-63f357b47882;100.00;deposit;Recarga via EMOLA - 874924362;emola-1771436250420;;2026-02-18 17:37:30.510402+00
7b6b5ef2-4917-42f2-a498-4d565544cb91;bb09a267-89f6-4ae1-a41c-ac79f1e27100;50.00;deposit;Recarga via EMOLA - 878948203;emola-1771437144847;;2026-02-18 17:52:24.900411+00
e72dbd76-deb3-42ac-a46b-d9defd396096;edb5492e-f130-4121-9c2b-dcde62913c88;50.00;deposit;Recarga via MPESA - 848864543;mpesa-1771439527165;;2026-02-18 18:32:07.38929+00
164c4527-4529-4417-83bb-993d0fc85591;54b4cca0-7ed5-4566-bd29-c15e69c95de1;50.00;deposit;Recarga via EMOLA - 878638994;emola-1771475879615;;2026-02-19 04:37:59.662794+00
d08822a4-3549-4544-adf8-0f05d5db27ef;bb09a267-89f6-4ae1-a41c-ac79f1e27100;50.00;deposit;Recarga via EMOLA - 878948203;emola-1771519300986;;2026-02-19 16:41:41.058002+00
7fbf3368-ce3c-4502-bd88-db32f8558914;fd90a447-b9e7-4dae-93a5-fd703284b833;600.00;deposit;Ajuste manual de saldo pelo administrador;;;2026-02-19 19:35:10.458779+00
fc23d6ac-68ed-4eb9-b432-dd1acb12e5f4;b3406aa6-642f-4bec-a353-6c937170d068;50.00;deposit;Recarga via MPESA - 846662290;mpesa-1771530739710;;2026-02-19 19:52:19.772918+00
6b56572d-1b51-44a4-9ae5-f632b13487f0;c09f69bf-dd4f-4d62-b464-63f357b47882;50.00;deposit;Recarga via EMOLA - 874924362;emola-1771695262451;;2026-02-21 17:34:22.510557+00
e611d341-8edc-4aad-953e-ac37df82112c;54b4cca0-7ed5-4566-bd29-c15e69c95de1;220.00;deposit;Recarga via EMOLA - 878638994;emola-1771745899146;;2026-02-22 07:38:19.203281+00
8f7d0f27-4a12-479e-8742-e2510c2678ea;94fc3dd3-ab81-46b6-a25a-3ccea69220ac;50.00;deposit;Recarga via EMOLA - 874394487;emola-1771773406620;;2026-02-22 15:16:46.676843+00
72d88bcf-b6ca-47a4-8a21-4e8e5937ddf8;b3406aa6-642f-4bec-a353-6c937170d068;50.00;deposit;Recarga via MPESA - 846662290;mpesa-1771783381545;;2026-02-22 18:03:01.605252+00
a72493ca-3772-44c2-9715-a63a410bfec2;b3406aa6-642f-4bec-a353-6c937170d068;35.00;refund;Estorno do pedido #072e4395;;072e4395-0458-4d53-a114-86d6b93eb7b1;2026-02-22 20:48:28.827534+00
1601d525-ea44-4e21-b97f-ef4c383336e1;b3406aa6-642f-4bec-a353-6c937170d068;35.00;refund;Estorno do pedido #39a77d25;;39a77d25-1c94-4717-8f5e-10ee64031891;2026-02-22 20:55:30.957139+00
0171e21c-9931-4d35-818e-0238c7fcdafe;54b4cca0-7ed5-4566-bd29-c15e69c95de1;175.00;deposit;Recarga via EMOLA - 878638994;emola-1771793754833;;2026-02-22 20:55:54.868158+00
c7ff62bd-54d4-46f2-9283-ddf2d113382e;54b4cca0-7ed5-4566-bd29-c15e69c95de1;150.00;deposit;Recarga via EMOLA - 878638994;emola-1771954526483;;2026-02-24 17:35:26.56028+00
ba75946e-84fb-4781-84aa-79a6065421f1;55c2b2d9-64d8-4a7d-9dd4-e0d1c85b5460;55.00;deposit;Recarga via MPESA - 857979193;mpesa-1772042073324;;2026-02-25 17:54:33.363388+00
b1ed914b-c56a-4cbc-8315-8b13506b41a6;bb09a267-89f6-4ae1-a41c-ac79f1e27100;50.00;deposit;Recarga via EMOLA - 878948203;emola-1772129160403;;2026-02-26 18:06:00.451241+00
6de1f4b6-126b-40e5-88f3-2af03ce0cb97;bb09a267-89f6-4ae1-a41c-ac79f1e27100;10.00;refund;Estorno do pedido #2344426a;;2344426a-e229-48ba-96da-44dc6ed0b998;2026-02-26 20:21:54.842422+00
98324abc-f65b-46db-94dc-451096ccd70c;b3406aa6-642f-4bec-a353-6c937170d068;50.00;deposit;Recarga via MPESA - 846662290;mpesa-1772204660821;;2026-02-27 15:04:20.864341+00
60306ab2-ace5-4179-853a-da8b092f6506;e513da05-a1ae-43f3-86b7-766de1aec0c8;90.00;deposit;Recarga via MPESA - 857525886;mpesa-1772229362357;;2026-02-27 21:56:02.529945+00
33b3de5a-3d8b-4845-b60a-0807ec262272;5746d21a-2529-4db1-835c-bcf8059295b5;100.00;deposit;Recarga via EMOLA - 875109637;emola-1772284026407;;2026-02-28 13:07:06.597293+00
b7aeb48e-f069-4e29-b723-134f82be45ea;34f71ad7-3e88-4eb3-8e28-dfa4f7db4a17;50.00;deposit;Recarga via EMOLA - 875078008;emola-1772307895151;;2026-02-28 19:44:55.36868+00
1f26de0d-0ded-45d2-a836-cb36b9b35617;54b4cca0-7ed5-4566-bd29-c15e69c95de1;50.00;deposit;Recarga via EMOLA - 878638994;emola-1772378130992;;2026-03-01 15:15:31.065921+00
d996ff7d-2243-4552-9af6-b01b91a91cda;34f71ad7-3e88-4eb3-8e28-dfa4f7db4a17;50.00;deposit;Recarga via EMOLA - 875078008;emola-1772990575310;;2026-03-08 17:22:55.348966+00
2e764619-7bcb-4997-89a3-22e37d05281a;5f783cfa-7ebe-4c65-8bab-337e7494b8ba;50.00;deposit;Recarga via MPESA - 840487647;mpesa-1773059145470;;2026-03-09 12:25:45.512501+00
cddf9f34-5e9f-48bd-8a8c-a5466edc4cd6;df80cf1f-dc89-41f9-8884-bb597804a45c;50.00;deposit;Recarga via EMOLA - 874659300;emola-1773063509635;;2026-03-09 13:38:29.684909+00
5d812446-0b83-49fe-b049-29d03d9d9ba7;1827bfdf-76ed-4302-a37e-3395a1021cde;50.00;deposit;Recarga via EMOLA - 875333380;emola-1773068966727;;2026-03-09 15:09:26.809714+00
1aae1ee2-ac90-4e95-b4b8-af63a3bf3460;df80cf1f-dc89-41f9-8884-bb597804a45c;10.00;refund;Estorno do pedido #059957bb;;059957bb-9b8c-4073-89e2-3e4da87bd696;2026-03-09 15:10:09.691285+00
7055af17-3992-4050-b891-6b96284b9e22;bb09a267-89f6-4ae1-a41c-ac79f1e27100;50.00;deposit;Recarga via EMOLA - 878948203;emola-1773130276621;;2026-03-10 08:11:16.673941+00
15e69eab-9cbc-4be9-9c43-47c2535dcb8b;289ea21f-0362-46d3-b039-0b8a44d12d95;50.00;deposit;Recarga via MPESA - 846446461;mpesa-1773246980035;;2026-03-11 16:36:20.091564+00
3808da35-d771-484d-8400-4fef90cf7dc4;fd90a447-b9e7-4dae-93a5-fd703284b833;	-12.00;order_payment;Pagamento pedido #7752c506 - Reação Amei;;7752c506-cfa1-480b-b0b5-c832b4588bb1;2026-03-13 10:50:10.880479+00
edf36fd8-95af-4596-99fe-1ebf8170da11;c09f69bf-dd4f-4d62-b464-63f357b47882;5.00;refund;Estorno do pedido #df260825;;df260825-5df3-4f00-868e-396ff84917ca;2026-03-13 18:00:44.775621+00
4a2a64c4-8e91-416e-85f5-53f865d286d7;1827bfdf-76ed-4302-a37e-3395a1021cde;50.00;deposit;Recarga via EMOLA - 875333380;emola-1773499191697;;2026-03-14 14:39:51.728131+00
ee199806-44e1-4d4d-8396-51dce8f9b83e;fd90a447-b9e7-4dae-93a5-fd703284b833;	-36.00;order_payment;Pagamento pedido #09d259a8 - Reação Amei;;09d259a8-6656-4955-8c5f-368920128833;2026-03-14 20:17:33.454859+00
025f773a-0943-48ea-9cd2-4813e225edc3;01910bf3-a6d7-494f-a429-00866dd1af0d;350.00;deposit;Recarga via MPESA - 848864543;mpesa-1773678505132;;2026-03-16 16:28:25.187385+00
0aee0df4-7313-449e-8465-6bf054cca390;fd90a447-b9e7-4dae-93a5-fd703284b833;	-350.00;order_payment;Pagamento pedido #88339deb - Seguidores para Páginas;;88339deb-4618-4041-bb91-0f40fb436d3e;2026-03-17 06:44:55.173514+00
bf826e5f-a91d-4942-a747-743db8cd521a;fd90a447-b9e7-4dae-93a5-fd703284b833;	-120.00;order_payment;Pagamento pedido #80f880fb - Reação Amei;;80f880fb-d582-493e-8423-be02d03c3458;2026-03-18 14:31:46.969897+00
dd0ce0a6-caed-4bf8-9354-a01505fb1f97;fd90a447-b9e7-4dae-93a5-fd703284b833;	-50.00;order_payment;Pagamento pedido #102621a2 - Curtidas;;102621a2-3254-4e28-8aae-765f795e6799;2026-03-18 14:32:35.164575+00
131ea72c-c3f7-4dcf-bd14-c2398705bce3;c09f69bf-dd4f-4d62-b464-63f357b47882;50.00;deposit;Recarga via EMOLA - 874924362;emola-1774204990400;;2026-03-22 18:43:10.605769+00
1a5723df-33c2-4ebb-b7ad-8cd0386bea6b;c09f69bf-dd4f-4d62-b464-63f357b47882;24.00;refund;Estorno do pedido #9ac9670e;;9ac9670e-ecc0-4b63-88ed-f0244ab58827;2026-03-22 18:57:40.195088+00
76d28969-8379-47b6-b86a-ee628acf51cd;c09f69bf-dd4f-4d62-b464-63f357b47882;60.00;deposit;Recarga via EMOLA - 874924362;emola-1774350009726;;2026-03-24 11:00:09.774877+00
0c28793c-9056-4022-881a-c1cafa761cd3;c09f69bf-dd4f-4d62-b464-63f357b47882;20.00;refund;Estorno do pedido #60f5bfef;;60f5bfef-b467-4012-8083-35f25b7bf01e;2026-03-24 11:59:23.510361+00
46f6431d-9b32-42fa-936d-8e712af3d965;fd90a447-b9e7-4dae-93a5-fd703284b833;	-20.00;order_payment;Pagamento pedido #5581bd44 - Curtidas;;5581bd44-9a92-4669-a9ca-a8e473538563;2026-03-24 12:54:42.582385+00
73b6336c-7d39-4b92-bc6e-07a6805e4569;fd90a447-b9e7-4dae-93a5-fd703284b833;20.00;refund;Reembolso automático - pedido cancelado pelo fornecedor;;5581bd44-9a92-4669-a9ca-a8e473538563;2026-03-24 13:15:31.127464+00
2183993f-6ff2-4689-a681-0f2477d8fb28;1827bfdf-76ed-4302-a37e-3395a1021cde;70.00;deposit;Ajuste manual de saldo pelo administrador;;;2026-03-24 18:03:18.365449+00
7bebf7f9-d8e9-4b35-b468-bf39e1583db5;c09f69bf-dd4f-4d62-b464-63f357b47882;20.00;refund;Estorno do pedido #d39721b9;;d39721b9-be82-4d3f-8d3d-27e04cc484d8;2026-03-24 18:39:52.974703+00
21c47a8c-9b36-43fc-b9ee-9f0f1a79046c;fd90a447-b9e7-4dae-93a5-fd703284b833;	-24.00;order_payment;Pagamento pedido #d9a10f79 - Reação Amei;;d9a10f79-e02b-4c44-aeed-a6a1d2494b98;2026-03-25 06:10:48.907884+00
a31387b2-9ddf-44ef-ad60-05c999190276;fd90a447-b9e7-4dae-93a5-fd703284b833;	-24.00;order_payment;Pagamento pedido #e3369a7f - Reação Amei;;e3369a7f-cc19-45bd-9393-9fac6b96a4c8;2026-03-25 06:11:19.527977+00
277b1c9d-5995-433e-933d-3d94d137b78d;fd90a447-b9e7-4dae-93a5-fd703284b833;	-24.00;order_payment;Pagamento pedido #5c507ed0 - Reação Amei;;5c507ed0-921f-4a1e-af2f-27eb88c71d4d;2026-03-25 06:11:44.396297+00
c2f8c4e5-cb99-46ad-b9ad-32f500783e8b;c09f69bf-dd4f-4d62-b464-63f357b47882;24.00;refund;Estorno do pedido #3ad13c94;;3ad13c94-7f42-444c-9ca9-3f31ac3659e1;2026-03-25 06:54:06.130672+00
ad276fae-66d4-431f-bc1c-97981ce645c6;c09f69bf-dd4f-4d62-b464-63f357b47882;20.00;refund;Estorno do pedido #2b628b1b;;2b628b1b-27c1-446b-8b86-1cf7a1423222;2026-03-25 11:53:46.917532+00
cdf1697a-42a4-4ca7-97cd-d6522c2b73db;c09f69bf-dd4f-4d62-b464-63f357b47882;20.00;refund;Estorno do pedido #494e1221;;494e1221-3d9a-47d9-9e75-225f31a59ace;2026-03-26 13:30:25.317593+00
60eacf4f-79d3-4b09-979b-532731f2b927;c09f69bf-dd4f-4d62-b464-63f357b47882;50.00;deposit;Recarga via EMOLA - 874924362;emola-1774637273577;;2026-03-27 18:47:53.614276+00
b14aff5c-ac35-4c83-857a-4ccccf3aafac;54b4cca0-7ed5-4566-bd29-c15e69c95de1;50.00;deposit;Recarga via EMOLA - 878638994;emola-1774648220643;;2026-03-27 21:50:20.718714+00
3d01d7e3-87c0-484a-a99c-1be86854b800;fd90a447-b9e7-4dae-93a5-fd703284b833;500.00;deposit;Ajuste manual de saldo pelo administrador;;;2026-03-28 08:37:14.780814+00
ebab209f-d643-456b-baa9-f2ad44948417;fd90a447-b9e7-4dae-93a5-fd703284b833;	-120.00;order_payment;Pagamento pedido #8094138c - Reação Amei;;8094138c-5aa9-45ea-a526-b52ac2328db0;2026-03-28 08:37:30.637029+00
110e110d-d885-4bca-b97a-93a49adeb328;fd90a447-b9e7-4dae-93a5-fd703284b833;	-20.00;order_payment;Pagamento pedido #35e85139 - Curtidas;;35e85139-c66c-464e-865d-1175d366e1f5;2026-03-28 08:37:48.220162+00
111a43d5-7858-4d74-924e-9ea0046d1443;c09f69bf-dd4f-4d62-b464-63f357b47882;60.00;deposit;Recarga via EMOLA - 874924362;emola-1774735899209;;2026-03-28 22:11:39.242124+00
05a55e7f-5391-4abf-8004-1f35e531ec21;c09f69bf-dd4f-4d62-b464-63f357b47882;10.00;refund;Estorno do pedido #86f2e179;;86f2e179-9392-421d-8f60-b64cd24ed97e;2026-03-29 06:30:50.478272+00
28732d29-d777-4651-b64a-bfc0de960029;304728e3-187c-4ee4-ba7d-dd4620dbcd5f;50.00;deposit;Recarga via MPESA - 840487647;mpesa-1774773113052;;2026-03-29 08:31:53.084579+00
ce0d4ee4-85ce-4abd-b34c-b49e7c5ff61b;c09f69bf-dd4f-4d62-b464-63f357b47882;30.00;refund;Estorno do pedido #5b57fbdf;;5b57fbdf-e25d-4d4e-a6a0-c297beb39e8a;2026-03-29 15:48:53.480955+00
a9c3f53c-3b41-45a8-910e-10e3f44f7712;fd90a447-b9e7-4dae-93a5-fd703284b833;	-43.50;order_payment;Pagamento pedido #5a2e19dc - Curtidas;;5a2e19dc-7ad6-4398-9100-0935d95a87f3;2026-04-03 06:04:47.091488+00
8c9dfb2e-d597-4aa0-a77b-8a0bdb6e4fdf;5baba7a9-4a48-40b2-baad-cbeea8aa80dd;50.00;deposit;Recarga via EMOLA - 868771149;emola-1775326486168;;2026-04-04 18:14:46.287201+00
384575d0-a23a-4768-94d1-7c6081ff466e;c09f69bf-dd4f-4d62-b464-63f357b47882;50.00;deposit;Recarga via EMOLA - 874924362;emola-1775384625041;;2026-04-05 10:23:45.103152+00
7883b0bf-5921-4ca3-b990-488f5bbfcd79;54b4cca0-7ed5-4566-bd29-c15e69c95de1;30.00;refund;Estorno do pedido #f97ba7a2;;f97ba7a2-52a1-4516-8771-b30f0a60c7bc;2026-04-20 14:00:54.762818+00
fdbe66b4-6589-4962-9bfc-6b6fa0c03b9c;fd90a447-b9e7-4dae-93a5-fd703284b833;	-24.00;order_payment;Pagamento pedido #6ac71bf5 - Reação Amei;;6ac71bf5-1804-46cd-839f-c8f36db9a20b;2026-05-02 07:20:07.68189+00
eada3689-256f-4c55-aba4-3aa1519b8e08;c09f69bf-dd4f-4d62-b464-63f357b47882;50.00;deposit;Recarga via EMOLA - 874924362;emola-1777825241091;;2026-05-03 16:20:41.131016+00
b0c75a48-fd4d-4899-89a8-d5f84da870c2;54b4cca0-7ed5-4566-bd29-c15e69c95de1;10.00;refund;Estorno do pedido #021eeab3;;021eeab3-0f11-42d4-b9a5-adb7997c136c;2026-05-04 05:12:20.575885+00
2c5af062-7c71-486e-a3a6-cbcdd426d2fa;c09f69bf-dd4f-4d62-b464-63f357b47882;24.00;refund;Estorno do pedido #9e1dcab4;;9e1dcab4-4c48-43b5-8dbb-aa10ad1730b2;2026-05-04 05:12:23.732926+00
62bc0aa2-68c9-4536-b467-6b7fa9354bed;bb09a267-89f6-4ae1-a41c-ac79f1e27100;50.00;deposit;Recarga via EMOLA - 878948203;emola-1777888369871;;2026-05-04 09:52:50.10423+00
49de8c5d-f661-4590-a097-a17a272216f3;faaa02dc-6e64-4793-aa86-40c9be44d4de;55.00;deposit;Recarga via MPESA - 846446461;mpesa-1777917849998;;2026-05-04 18:04:10.097749+00
9bf13b79-365e-45f6-aacf-5118a453d78b;d5961a46-00b9-4e50-9b11-a95906468e05;150.00;deposit;Recarga via MPESA - 855714795;mpesa-1778187848067;;2026-05-07 21:04:08.145808+00
4df23344-7002-4df9-a212-7aef5781b413;54b4cca0-7ed5-4566-bd29-c15e69c95de1;90.00;deposit;Recarga via EMOLA - 878638994;emola-1778858845054;;2026-05-15 15:27:25.101489+00
9774b508-4d82-4643-bd69-cf3af1160db8;54b4cca0-7ed5-4566-bd29-c15e69c95de1;50.00;deposit;Recarga via EMOLA - 878638994;emola-1779656280950;;2026-05-24 20:58:01.064661+00
7d3237b2-ddd3-49a2-a895-b5329c64e267;34f71ad7-3e88-4eb3-8e28-dfa4f7db4a17;50.00;deposit;Recarga via EMOLA - 875078008;emola-1780148213429;;2026-05-30 13:36:53.468245+00
60e33a71-4fd4-4376-8a61-09f2da62e7e4;fd90a447-b9e7-4dae-93a5-fd703284b833;50.00;deposit;Recarga via EMOLA - 874249709 (reconciliação manual);EH20260607183332EA3A;;2026-06-09 15:37:15.671547+00
780d466f-f0ca-483a-ac83-2583f1d71fc6;c09f69bf-dd4f-4d62-b464-63f357b47882;50.00;deposit;Recarga via EMOLA - 874924362;EH20260619072804E9BA;;2026-06-19 05:28:32.215627+00
fe0c3a3a-0f5b-4237-b780-e99a18acc742;54b4cca0-7ed5-4566-bd29-c15e69c95de1;20.00;refund;Estorno do pedido #9239e60b;;9239e60b-8eeb-4ecf-8a8f-19bed00839a9;2026-06-20 05:35:33.999139+00
a83f4ea4-3aec-41c0-9de6-7b1d2c1f908d;d5961a46-00b9-4e50-9b11-a95906468e05;145.00;refund;Estorno do pedido #95e871b1;;95e871b1-2631-4abf-9f4e-aade4f69c8b5;2026-06-20 05:35:37.504009+00
bea46d03-c607-47ee-820c-ac6785cc2314;54b4cca0-7ed5-4566-bd29-c15e69c95de1;12.00;refund;Estorno do pedido #5ea36775;;5ea36775-b674-4fb0-bda9-f903f7108bb6;2026-06-20 05:35:40.980764+00
ae79297f-1c45-407d-9711-2cbda0a10e7c;54b4cca0-7ed5-4566-bd29-c15e69c95de1;20.00;refund;Estorno do pedido #9d41f8d7;;9d41f8d7-0047-4eec-887f-c4b6a0f38c55;2026-06-20 05:35:45.029844+00
831ebd34-f0cd-45e4-bd2e-d36cb7a23b87;54b4cca0-7ed5-4566-bd29-c15e69c95de1;12.00;refund;Estorno do pedido #83175476;;83175476-6f87-4f18-9f27-afa771d7ef1e;2026-06-20 05:35:49.944079+00
7b141573-4dd0-438f-b619-e884a7d2678b;54b4cca0-7ed5-4566-bd29-c15e69c95de1;20.00;refund;Estorno do pedido #c47a98ae;;c47a98ae-421b-42f1-9745-0bf4c49804db;2026-06-20 05:35:55.255387+00
622d6a90-b0db-4d3f-847f-48cb3643d745;54b4cca0-7ed5-4566-bd29-c15e69c95de1;12.00;refund;Estorno do pedido #65f85404;;65f85404-dcf9-4281-975f-dac8edbd438d;2026-06-20 05:35:58.931524+00
cfe28deb-6606-434b-b847-55d4aa05a011;54b4cca0-7ed5-4566-bd29-c15e69c95de1;20.00;refund;Estorno do pedido #514f564b;;514f564b-7d99-42b4-b294-b5bab8c27876;2026-06-20 05:36:01.858564+00
1b9f085a-435d-41b6-96e4-b0f606d71ecc;34f71ad7-3e88-4eb3-8e28-dfa4f7db4a17;12.00;refund;Estorno do pedido #666f0772;;666f0772-4f43-40be-b3e2-0a95d53dedf3;2026-06-20 05:36:07.510829+00
331de4ce-1bc2-42d5-856f-43448abe9a69;34f71ad7-3e88-4eb3-8e28-dfa4f7db4a17;10.00;refund;Estorno do pedido #c409dbdc;;c409dbdc-3270-4252-963f-ad4a09086f72;2026-06-20 05:36:10.497403+00
53f5424c-76e5-4a5d-8ad5-ae2ae237ca9c;54b4cca0-7ed5-4566-bd29-c15e69c95de1;20.00;refund;Estorno do pedido #988ec5e6;;988ec5e6-0d88-40c7-86a4-b18387b89c68;2026-06-20 05:36:13.425668+00
60e48366-fb88-4d97-8267-19e140fd96dd;54b4cca0-7ed5-4566-bd29-c15e69c95de1;12.00;refund;Estorno do pedido #5651da13;;5651da13-132e-496f-a719-e4036b0c3caa;2026-06-20 05:36:16.674522+00
6485398a-9ccb-45d3-8029-1dd2ddfb1ec1;34f71ad7-3e88-4eb3-8e28-dfa4f7db4a17;20.00;refund;Estorno do pedido #f3a3f7da;;f3a3f7da-df7f-41c3-977e-1de0a3503859;2026-06-20 05:36:20.542861+00
a748caed-2355-4591-8462-025365b061bc;eaf10f72-92cc-4b8e-8ca9-e748d2a78b13;50.00;deposit;Recarga via EMOLA - 863570434;EH202606201958512559;;2026-06-20 17:59:15.985079+00
3e5fd6e0-9e00-481b-8dba-f6dc6fd7ea00;d1c2795b-80ce-449c-9c07-b68ba9feac9d;50.00;deposit;Recarga via EMOLA - 868957697;EH202606202129200F8A;;2026-06-20 19:29:39.978079+00